This is pdfTeX, Version 3.141592653-2.6-1.40.26 (MiKTeX 24.4) (preloaded format=pdflatex 2024.12.19)  21 JUL 2026 10:48
entering extended mode
 \write18 enabled.
 %&-line parsing enabled.
**./scientific_background.tex
(scientific_background.tex
LaTeX2e <2024-11-01> patch level 1
L3 programming layer <2024-11-02>
(C:\Users\bkm\AppData\Roaming\MiKTeX\tex/latex/deltares\deltares_manual.cls
Document Class: deltares_manual 2024/06/25 v1.0 Standard LaTeX document class
(C:\Users\bkm\AppData\Local\Programs\MiKTeX\tex/latex/base\report.cls
Document Class: report 2024/06/29 v1.4n Standard LaTeX document class
(C:\Users\bkm\AppData\Local\Programs\MiKTeX\tex/latex/base\size11.clo
File: size11.clo 2024/06/29 v1.4n Standard LaTeX file (size option)
)
\c@part=\count196
\c@chapter=\count197
\c@section=\count198
\c@subsection=\count199
\c@subsubsection=\count266
\c@paragraph=\count267
\c@subparagraph=\count268
\c@figure=\count269
\c@table=\count270
\abovecaptionskip=\skip49
\belowcaptionskip=\skip50
\bibindent=\dimen141
)
(C:\Users\bkm\AppData\Local\Programs\MiKTeX\tex/latex/psnfss\helvet.sty
Package: helvet 2020/03/25 PSNFSS-v9.3 (WaS) 

(C:\Users\bkm\AppData\Local\Programs\MiKTeX\tex/latex/graphics\keyval.sty
Package: keyval 2022/05/29 v1.15 key=value parser (DPC)
\KV@toks@=\toks17
))
(C:\Users\bkm\AppData\Local\Programs\MiKTeX\tex/latex/lipsum\lipsum.sty
(C:\Users\bkm\AppData\Local\Programs\MiKTeX\tex/latex/l3packages/l3keys2e\l3key
s2e.sty
(C:\Users\bkm\AppData\Local\Programs\MiKTeX\tex/latex/l3kernel\expl3.sty
Package: expl3 2024-11-02 L3 programming layer (loader) 

(C:\Users\bkm\AppData\Local\Programs\MiKTeX\tex/latex/l3backend\l3backend-pdfte
x.def
File: l3backend-pdftex.def 2024-05-08 L3 backend support: PDF output (pdfTeX)
\l__color_backend_stack_int=\count271
\l__pdf_internal_box=\box52
))
Package: l3keys2e 2024-08-16 LaTeX2e option processing using LaTeX3 keys
)
Package: lipsum 2021-09-20 v2.7 150 paragraphs of Lorem Ipsum dummy text
\g__lipsum_par_int=\count272
\l__lipsum_a_int=\count273
\l__lipsum_b_int=\count274

(C:\Users\bkm\AppData\Local\Programs\MiKTeX\tex/latex/lipsum\lipsum.ltd.tex))
(C:\Users\bkm\AppData\Local\Programs\MiKTeX\tex/latex/base\inputenc.sty
Package: inputenc 2024/02/08 v1.3d Input encoding file
\inpenc@prehook=\toks18
\inpenc@posthook=\toks19
)
(C:\Users\bkm\AppData\Local\Programs\MiKTeX\tex/latex/base\fontenc.sty
Package: fontenc 2021/04/29 v2.0v Standard LaTeX package
LaTeX Font Info:    Trying to load font information for T1+phv on input line 11
6.

(C:\Users\bkm\AppData\Local\Programs\MiKTeX\tex/latex/psnfss\t1phv.fd
File: t1phv.fd 2020/03/25 scalable font definitions for T1/phv.
)
LaTeX Font Info:    Font shape `T1/phv/m/n' will be
(Font)              scaled to size 10.07397pt on input line 116.
)
(C:\Users\bkm\AppData\Local\Programs\MiKTeX\tex/latex/graphics\graphicx.sty
Package: graphicx 2021/09/16 v1.2d Enhanced LaTeX Graphics (DPC,SPQR)

(C:\Users\bkm\AppData\Local\Programs\MiKTeX\tex/latex/graphics\graphics.sty
Package: graphics 2024/08/06 v1.4g Standard LaTeX Graphics (DPC,SPQR)

(C:\Users\bkm\AppData\Local\Programs\MiKTeX\tex/latex/graphics\trig.sty
Package: trig 2023/12/02 v1.11 sin cos tan (DPC)
)
(C:\Users\bkm\AppData\Local\Programs\MiKTeX\tex/latex/graphics-cfg\graphics.cfg
File: graphics.cfg 2016/06/04 v1.11 sample graphics configuration
)
Package graphics Info: Driver file: pdftex.def on input line 106.
 (C:\Users\bkm\AppData\Local\Programs\MiKTeX\tex/latex/graphics-def\pdftex.def
File: pdftex.def 2024/04/13 v1.2c Graphics/color driver for pdftex
))
\Gin@req@height=\dimen142
\Gin@req@width=\dimen143
)
(C:\Users\bkm\AppData\Local\Programs\MiKTeX\tex/latex/epstopdf-pkg\epstopdf.sty
Package: epstopdf 2020-01-24 v2.11 Conversion with epstopdf on the fly (HO)

(C:\Users\bkm\AppData\Local\Programs\MiKTeX\tex/generic/infwarerr\infwarerr.sty
Package: infwarerr 2019/12/03 v1.5 Providing info/warning/error messages (HO)
) (C:\Users\bkm\AppData\Local\Programs\MiKTeX\tex/latex/grfext\grfext.sty
Package: grfext 2019/12/03 v1.3 Manage graphics extensions (HO)

(C:\Users\bkm\AppData\Local\Programs\MiKTeX\tex/generic/kvdefinekeys\kvdefineke
ys.sty
Package: kvdefinekeys 2019-12-19 v1.6 Define keys (HO)
))
(C:\Users\bkm\AppData\Local\Programs\MiKTeX\tex/latex/kvoptions\kvoptions.sty
Package: kvoptions 2022-06-15 v3.15 Key value format for package options (HO)

(C:\Users\bkm\AppData\Local\Programs\MiKTeX\tex/generic/ltxcmds\ltxcmds.sty
Package: ltxcmds 2023-12-04 v1.26 LaTeX kernel commands for general use (HO)
)
(C:\Users\bkm\AppData\Local\Programs\MiKTeX\tex/latex/kvsetkeys\kvsetkeys.sty
Package: kvsetkeys 2022-10-05 v1.19 Key value parser (HO)
))
(C:\Users\bkm\AppData\Local\Programs\MiKTeX\tex/generic/pdftexcmds\pdftexcmds.s
ty
Package: pdftexcmds 2020-06-27 v0.33 Utility functions of pdfTeX for LuaTeX (HO
)
 (C:\Users\bkm\AppData\Local\Programs\MiKTeX\tex/generic/iftex\iftex.sty
Package: iftex 2024/12/12 v1.0g TeX engine tests
)
Package pdftexcmds Info: \pdf@primitive is available.
Package pdftexcmds Info: \pdf@ifprimitive is available.
Package pdftexcmds Info: \pdfdraftmode found.
)
(C:\Users\bkm\AppData\Local\Programs\MiKTeX\tex/latex/epstopdf-pkg\epstopdf-bas
e.sty
Package: epstopdf-base 2020-01-24 v2.11 Base part for package epstopdf
Package epstopdf-base Info: Redefining graphics rule for `.eps' on input line 4
85.
Package grfext Info: Graphics extension search list:
(grfext)             [.pdf,.png,.jpg,.mps,.jpeg,.jbig2,.jb2,.PDF,.PNG,.JPG,.JPE
G,.JBIG2,.JB2,.eps]
(grfext)             \AppendGraphicsExtensions on input line 504.

(C:\Users\bkm\AppData\Local\Programs\MiKTeX\tex/latex/00miktex\epstopdf-sys.cfg
File: epstopdf-sys.cfg 2021/03/18 v2.0 Configuration of epstopdf for MiKTeX
))) (C:\Users\bkm\AppData\Local\Programs\MiKTeX\tex/latex/graphics\color.sty
Package: color 2024/06/23 v1.3e Standard LaTeX Color (DPC)

(C:\Users\bkm\AppData\Local\Programs\MiKTeX\tex/latex/graphics-cfg\color.cfg
File: color.cfg 2016/01/02 v1.6 sample color configuration
)
Package color Info: Driver file: pdftex.def on input line 149.

(C:\Users\bkm\AppData\Local\Programs\MiKTeX\tex/latex/graphics\mathcolor.ltx))
(C:\Users\bkm\AppData\Local\Programs\MiKTeX\tex/latex/xcolor\xcolor.sty
Package: xcolor 2024/09/29 v3.02 LaTeX color extensions (UK)

(C:\Users\bkm\AppData\Local\Programs\MiKTeX\tex/latex/graphics-cfg\color.cfg
File: color.cfg 2016/01/02 v1.6 sample color configuration
)
Package xcolor Info: Driver file: pdftex.def on input line 274.
LaTeX Info: Redefining \color on input line 762.

(C:\Users\bkm\AppData\Local\Programs\MiKTeX\tex/latex/graphics\mathcolor.ltx)
Package xcolor Info: Model `cmy' substituted by `cmy0' on input line 1349.
Package xcolor Info: Model `hsb' substituted by `rgb' on input line 1353.
Package xcolor Info: Model `RGB' extended on input line 1365.
Package xcolor Info: Model `HTML' substituted by `rgb' on input line 1367.
Package xcolor Info: Model `Hsb' substituted by `hsb' on input line 1368.
Package xcolor Info: Model `tHsb' substituted by `hsb' on input line 1369.
Package xcolor Info: Model `HSB' substituted by `hsb' on input line 1370.
Package xcolor Info: Model `Gray' substituted by `gray' on input line 1371.
Package xcolor Info: Model `wave' substituted by `hsb' on input line 1372.
)
(C:\Users\bkm\AppData\Local\Programs\MiKTeX\tex/latex/colortbl\colortbl.sty
Package: colortbl 2024/07/06 v1.0i Color table columns (DPC)

(C:\Users\bkm\AppData\Local\Programs\MiKTeX\tex/latex/tools\array.sty
Package: array 2024/10/17 v2.6g Tabular extension package (FMi)
\col@sep=\dimen144
\ar@mcellbox=\box53
\extrarowheight=\dimen145
\NC@list=\toks20
\extratabsurround=\skip51
\backup@length=\skip52
\ar@cellbox=\box54
)
\everycr=\toks21
\minrowclearance=\skip53
\rownum=\count275
)
(C:\Users\bkm\AppData\Local\Programs\MiKTeX\tex/latex/graphics\dvipsnam.def
File: dvipsnam.def 2016/06/17 v3.0m Driver-dependent file (DPC,SPQR)
)
(C:\Users\bkm\AppData\Local\Programs\MiKTeX\tex/latex/frcursive\frcursive.sty
Package: frcursive 2004/02/01 v1.2 support package for French Cursive
\seyesThickness=\skip54
\seyes@box=\box55
\seyes@ln=\skip55
)
(C:\Users\bkm\AppData\Local\Programs\MiKTeX\tex/latex/float\float.sty
Package: float 2001/11/08 v1.3d Float enhancements (AL)
\c@float@type=\count276
\float@exts=\toks22
\float@box=\box56
\@float@everytoks=\toks23
\@floatcapt=\box57
)
(C:\Users\bkm\AppData\Local\Programs\MiKTeX\tex/latex/base\textcomp.sty
Package: textcomp 2024/04/24 v2.1b Standard LaTeX package
)
(C:\Users\bkm\AppData\Local\Programs\MiKTeX\tex/latex/tools\xspace.sty
Package: xspace 2014/10/28 v1.13 Space after command names (DPC,MH)
)
(C:\Users\bkm\AppData\Local\Programs\MiKTeX\tex/latex/xstring\xstring.sty
(C:\Users\bkm\AppData\Local\Programs\MiKTeX\tex/generic/xstring\xstring.tex
\xs_counta=\count277
\xs_countb=\count278
)
Package: xstring 2023/08/22 v1.86 String manipulations (CT)
)
(C:\Users\bkm\AppData\Local\Programs\MiKTeX\tex/generic/catchfile\catchfile.sty
Package: catchfile 2019/12/09 v1.8 Catch the contents of a file (HO)
(C:\Users\bkm\AppData\Local\Programs\MiKTeX\tex/generic/etexcmds\etexcmds.sty
Package: etexcmds 2019/12/15 v1.7 Avoid name clashes with e-TeX commands (HO)
)) (C:\Users\bkm\AppData\Local\Programs\MiKTeX\tex/latex/pdfpages\pdfpages.sty
Package: pdfpages 2024/10/28 v0.6c Insert pages of external PDF documents (AM)

(C:\Users\bkm\AppData\Local\Programs\MiKTeX\tex/latex/base\ifthen.sty
Package: ifthen 2024/03/16 v1.1e Standard LaTeX ifthen package (DPC)
)
(C:\Users\bkm\AppData\Local\Programs\MiKTeX\tex/latex/tools\calc.sty
Package: calc 2023/07/08 v4.3 Infix arithmetic (KKT,FJ)
\calc@Acount=\count279
\calc@Bcount=\count280
\calc@Adimen=\dimen146
\calc@Bdimen=\dimen147
\calc@Askip=\skip56
\calc@Bskip=\skip57
LaTeX Info: Redefining \setlength on input line 80.
LaTeX Info: Redefining \addtolength on input line 81.
\calc@Ccount=\count281
\calc@Cskip=\skip58
)
(C:\Users\bkm\AppData\Local\Programs\MiKTeX\tex/latex/eso-pic\eso-pic.sty
Package: eso-pic 2023/05/03 v3.0c eso-pic (RN)
\ESO@tempdima=\dimen148
\ESO@tempdimb=\dimen149
)
\AM@pagewidth=\dimen150
\AM@pageheight=\dimen151
\AM@fboxrule=\dimen152

(C:\Users\bkm\AppData\Local\Programs\MiKTeX\tex/latex/pdfpages\pppdftex.def
File: pppdftex.def 2024/10/28 v0.6c Pdfpages driver for pdfTeX (AM)
)
\pdfpages@includegraphics@status=\count282
\AM@pagebox=\box58
\AM@global@opts=\toks24
\AM@pagecnt=\count283
\AM@toc@title=\toks25
\AM@lof@heading=\toks26
\c@AM@survey=\count284
\AM@templatesizebox=\box59
)
(C:\Users\bkm\AppData\Local\Programs\MiKTeX\tex/latex/siunitx\siunitx.sty
Package: siunitx 2024-12-06 v3.4.0 A comprehensive (SI) units package
\l__siunitx_number_uncert_offset_int=\count285
\l__siunitx_number_exponent_fixed_int=\count286
\l__siunitx_number_min_decimal_int=\count287
\l__siunitx_number_min_integer_int=\count288
\l__siunitx_number_round_precision_int=\count289
\l__siunitx_number_lower_threshold_int=\count290
\l__siunitx_number_upper_threshold_int=\count291
\l__siunitx_number_group_first_int=\count292
\l__siunitx_number_group_size_int=\count293
\l__siunitx_number_group_minimum_int=\count294
\l__siunitx_angle_tmp_dim=\dimen153
\l__siunitx_angle_marker_box=\box60
\l__siunitx_angle_unit_box=\box61
\l__siunitx_compound_count_int=\count295

(C:\Users\bkm\AppData\Local\Programs\MiKTeX\tex/latex/translations\translations
.sty
Package: translations 2022/02/05 v1.12 internationalization of LaTeX2e packages
 (CN)

(C:\Users\bkm\AppData\Local\Programs\MiKTeX\tex/latex/etoolbox\etoolbox.sty
Package: etoolbox 2020/10/05 v2.5k e-TeX tools for LaTeX (JAW)
\etb@tempcnta=\count296
))
(C:\Users\bkm\AppData\Local\Programs\MiKTeX\tex/latex/amsmath\amstext.sty
Package: amstext 2021/08/26 v2.01 AMS text

(C:\Users\bkm\AppData\Local\Programs\MiKTeX\tex/latex/amsmath\amsgen.sty
File: amsgen.sty 1999/11/30 v2.0 generic functions
\@emptytoks=\toks27
\ex@=\dimen154
))
\l__siunitx_table_tmp_box=\box62
\l__siunitx_table_tmp_dim=\dimen155
\l__siunitx_table_column_width_dim=\dimen156
\l__siunitx_table_integer_box=\box63
\l__siunitx_table_decimal_box=\box64
\l__siunitx_table_uncert_box=\box65
\l__siunitx_table_before_box=\box66
\l__siunitx_table_after_box=\box67
\l__siunitx_table_before_dim=\dimen157
\l__siunitx_table_carry_dim=\dimen158
\l__siunitx_unit_tmp_int=\count297
\l__siunitx_unit_position_int=\count298
\l__siunitx_unit_total_int=\count299

Package siunitx Info: Option "detect-all" has been deprecated in this release.
(siunitx)             
(siunitx)             Use "mode = match, propagate-math-font = true,
(siunitx)             reset-math-version = false, reset-text-family = false,
(siunitx)             reset-text-series = false, reset-text-shape = false,
(siunitx)             text-family-to-math = true, text-series-to-math = true"
(siunitx)             as a replacement.

)
(C:\Users\bkm\AppData\Local\Programs\MiKTeX\tex/generic/babel\babel.sty
Package: babel 2024/11/30 v24.14 The multilingual framework for pdfLaTeX, LuaLa
TeX and XeLaTeX
\babel@savecnt=\count300
\U@D=\dimen159
\l@unhyphenated=\language79

(C:\Users\bkm\AppData\Local\Programs\MiKTeX\tex/generic/babel\txtbabel.def)
\bbl@readstream=\read2
\bbl@dirlevel=\count301

*************************************
* Local config file bblopts.cfg used
*
(C:\Users\bkm\AppData\Local\Programs\MiKTeX\tex/latex/arabi\bblopts.cfg
File: bblopts.cfg 2005/09/08 v0.1 add Arabic and Farsi to "declared" options of
 babel
)
(C:\Users\bkm\AppData\Local\Programs\MiKTeX\tex/latex/babel-english\english.ldf
Language: english 2017/06/06 v3.3r English support from the babel system
Package babel Info: Hyphen rules for 'canadian' set to \l@english
(babel)             (\language0). Reported on input line 102.
Package babel Info: Hyphen rules for 'australian' set to \l@ukenglish
(babel)             (\language73). Reported on input line 105.
Package babel Info: Hyphen rules for 'newzealand' set to \l@ukenglish
(babel)             (\language73). Reported on input line 108.
))
(C:\Users\bkm\AppData\Local\Programs\MiKTeX\tex/generic/babel/locale/en\babel-e
nglish.tex
Package babel Info: Importing font and identification data for english
(babel)             from babel-en.ini. Reported on input line 11.
)
(C:\Users\bkm\AppData\Local\Programs\MiKTeX\tex/latex/svn-multi\svn-multi.sty
Package: svn-multi 2011/08/30 v2.4d SVN Keywords for multi-file LaTeX documents

)
(C:\Users\bkm\AppData\Local\Programs\MiKTeX\tex/latex/tools\tabularx.sty
Package: tabularx 2023/12/11 v2.12a `tabularx' package (DPC)
\TX@col@width=\dimen160
\TX@old@table=\dimen161
\TX@old@col=\dimen162
\TX@target=\dimen163
\TX@delta=\dimen164
\TX@cols=\count302
\TX@ftn=\toks28
)
(C:\Users\bkm\AppData\Local\Programs\MiKTeX\tex/latex/tools\longtable.sty
Package: longtable 2024-10-27 v4.22 Multi-page Table package (DPC)
\LTleft=\skip59
\LTright=\skip60
\LTpre=\skip61
\LTpost=\skip62
\LTchunksize=\count303
\LTcapwidth=\dimen165
\LT@head=\box68
\LT@firsthead=\box69
\LT@foot=\box70
\LT@lastfoot=\box71
\LT@gbox=\box72
\LT@cols=\count304
\LT@rows=\count305
\c@LT@tables=\count306
\c@LT@chunks=\count307
\LT@p@ftn=\toks29
)
(C:\Users\bkm\AppData\Local\Programs\MiKTeX\tex/latex/multirow\multirow.sty
Package: multirow 2024/11/12 v2.9 Span multiple rows of a table
\multirow@colwidth=\skip63
\multirow@cntb=\count308
\multirow@dima=\skip64
\bigstrutjot=\dimen166
)
(C:\Users\bkm\AppData\Local\Programs\MiKTeX\tex/latex/tools\verbatim.sty
Package: verbatim 2024-01-22 v1.5x LaTeX2e package for verbatim enhancements
\every@verbatim=\toks30
\verbatim@line=\toks31
\verbatim@in@stream=\read3
)
(C:\Users\bkm\AppData\Local\Programs\MiKTeX\tex/latex/upquote\upquote.sty
Package: upquote 2012/04/19 v1.3 upright-quote and grave-accent glyphs in verba
tim
)
(C:\Users\bkm\AppData\Local\Programs\MiKTeX\tex/latex/fancyvrb\fancyvrb.sty
Package: fancyvrb 2024/01/20 4.5c verbatim text (tvz,hv)
\FV@CodeLineNo=\count309
\FV@InFile=\read4
\FV@TabBox=\box73
\c@FancyVerbLine=\count310
\FV@StepNumber=\count311
\FV@OutFile=\write3
)
(C:\Users\bkm\AppData\Local\Programs\MiKTeX\tex/latex/wrapfig\wrapfig.sty
\wrapoverhang=\dimen167
\WF@size=\dimen168
\c@WF@wrappedlines=\count312
\WF@box=\box74
\WF@everypar=\toks32
Package: wrapfig 2003/01/31  v 3.6
)
(C:\Users\bkm\AppData\Local\Programs\MiKTeX\tex/latex/caption\caption.sty
Package: caption 2023/08/05 v3.6o Customizing captions (AR)

(C:\Users\bkm\AppData\Local\Programs\MiKTeX\tex/latex/caption\caption3.sty
Package: caption3 2023/07/31 v2.4d caption3 kernel (AR)
\caption@tempdima=\dimen169
\captionmargin=\dimen170
\caption@leftmargin=\dimen171
\caption@rightmargin=\dimen172
\caption@width=\dimen173
\caption@indent=\dimen174
\caption@parindent=\dimen175
\caption@hangindent=\dimen176
Package caption Info: Standard document class detected.
)
\c@caption@flags=\count313
\c@continuedfloat=\count314
Package caption Info: float package is loaded.
Package caption Info: longtable package is loaded.

(C:\Users\bkm\AppData\Local\Programs\MiKTeX\tex/latex/caption\ltcaption.sty
Package: ltcaption 2021/01/08 v1.4c longtable captions (AR)
)
Package caption Info: wrapfig package is loaded.
)
(C:\Users\bkm\AppData\Local\Programs\MiKTeX\tex/latex/caption\subcaption.sty
Package: subcaption 2023/07/28 v1.6b Sub-captions (AR)
Package caption Info: New subtype `subfigure' on input line 238.
\c@subfigure=\count315
Package caption Info: New subtype `subtable' on input line 238.
\c@subtable=\count316
)
(C:\Users\bkm\AppData\Local\Programs\MiKTeX\tex/latex/url\url.sty
\Urlmuskip=\muskip17
Package: url 2013/09/16  ver 3.4  Verb mode for urls, etc.
)
(C:\Users\bkm\AppData\Local\Programs\MiKTeX\tex/latex/moreverb\moreverb.sty
Package: moreverb 2008/06/03 v2.3a `more' verbatim facilities
\tab@position=\count317
\tab@size=\count318
\listing@line=\count319
)
(C:\Users\bkm\AppData\Local\Programs\MiKTeX\tex/latex/moresize\moresize.sty
Package: moresize 1999/07/26 v1.9 (more font sizes)
)
(C:\Users\bkm\AppData\Local\Programs\MiKTeX\tex/latex/graphics\rotating.sty
Package: rotating 2016/08/11 v2.16d rotated objects in LaTeX
\c@r@tfl@t=\count320
\rotFPtop=\skip65
\rotFPbot=\skip66
\rot@float@box=\box75
\rot@mess@toks=\toks33
)
(C:\Users\bkm\AppData\Local\Programs\MiKTeX\tex/latex/hyperref\nameref.sty
Package: nameref 2023-11-26 v2.56 Cross-referencing by name of section

(C:\Users\bkm\AppData\Local\Programs\MiKTeX\tex/latex/refcount\refcount.sty
Package: refcount 2019/12/15 v3.6 Data extraction from label references (HO)
)
(C:\Users\bkm\AppData\Local\Programs\MiKTeX\tex/generic/gettitlestring\gettitle
string.sty
Package: gettitlestring 2019/12/15 v1.6 Cleanup title references (HO)
)
\c@section@level=\count321
)
(C:\Users\bkm\AppData\Local\Programs\MiKTeX\tex/latex/import\import.sty
Package: import 2020/04/01  v 6.2
)
(C:\Users\bkm\AppData\Local\Programs\MiKTeX\tex/latex/marginnote\marginnote.sty
Package: marginnote 2018/08/09 1.4b non floating margin notes for LaTeX
\c@mn@abspage=\count322
) (C:\Users\bkm\AppData\Local\Programs\MiKTeX\tex/latex/amsmath\amsmath.sty
Package: amsmath 2024/11/05 v2.17t AMS math features
\@mathmargin=\skip67

For additional information on amsmath, use the `?' option.
(C:\Users\bkm\AppData\Local\Programs\MiKTeX\tex/latex/amsmath\amsbsy.sty
Package: amsbsy 1999/11/29 v1.2d Bold Symbols
\pmbraise@=\dimen177
)
(C:\Users\bkm\AppData\Local\Programs\MiKTeX\tex/latex/amsmath\amsopn.sty
Package: amsopn 2022/04/08 v2.04 operator names
)
\inf@bad=\count323
LaTeX Info: Redefining \frac on input line 233.
\uproot@=\count324
\leftroot@=\count325
LaTeX Info: Redefining \overline on input line 398.
LaTeX Info: Redefining \colon on input line 409.
\classnum@=\count326
\DOTSCASE@=\count327
LaTeX Info: Redefining \ldots on input line 495.
LaTeX Info: Redefining \dots on input line 498.
LaTeX Info: Redefining \cdots on input line 619.
\Mathstrutbox@=\box76
\strutbox@=\box77
LaTeX Info: Redefining \big on input line 721.
LaTeX Info: Redefining \Big on input line 722.
LaTeX Info: Redefining \bigg on input line 723.
LaTeX Info: Redefining \Bigg on input line 724.
\big@size=\dimen178
LaTeX Font Info:    Redeclaring font encoding OML on input line 742.
LaTeX Font Info:    Redeclaring font encoding OMS on input line 743.
\macc@depth=\count328
LaTeX Info: Redefining \bmod on input line 904.
LaTeX Info: Redefining \pmod on input line 909.
LaTeX Info: Redefining \smash on input line 939.
LaTeX Info: Redefining \relbar on input line 969.
LaTeX Info: Redefining \Relbar on input line 970.
\c@MaxMatrixCols=\count329
\dotsspace@=\muskip18
\c@parentequation=\count330
\dspbrk@lvl=\count331
\tag@help=\toks34
\row@=\count332
\column@=\count333
\maxfields@=\count334
\andhelp@=\toks35
\eqnshift@=\dimen179
\alignsep@=\dimen180
\tagshift@=\dimen181
\tagwidth@=\dimen182
\totwidth@=\dimen183
\lineht@=\dimen184
\@envbody=\toks36
\multlinegap=\skip68
\multlinetaggap=\skip69
\mathdisplay@stack=\toks37
LaTeX Info: Redefining \[ on input line 2953.
LaTeX Info: Redefining \] on input line 2954.
)
(C:\Users\bkm\AppData\Local\Programs\MiKTeX\tex/latex/amsfonts\amssymb.sty
Package: amssymb 2013/01/14 v3.01 AMS font symbols

(C:\Users\bkm\AppData\Local\Programs\MiKTeX\tex/latex/amsfonts\amsfonts.sty
Package: amsfonts 2013/01/14 v3.01 Basic AMSFonts support
\symAMSa=\mathgroup4
\symAMSb=\mathgroup5
LaTeX Font Info:    Redeclaring math symbol \hbar on input line 98.
LaTeX Font Info:    Overwriting math alphabet `\mathfrak' in version `bold'
(Font)                  U/euf/m/n --> U/euf/b/n on input line 106.
))
(C:\Users\bkm\AppData\Local\Programs\MiKTeX\tex/latex/paralist\paralist.sty
Package: paralist 2017/01/22 v2.7 Extended list environments
\pltopsep=\skip70
\plpartopsep=\skip71
\plitemsep=\skip72
\plparsep=\skip73
\pl@lab=\toks38
)
(C:\Users\bkm\AppData\Local\Programs\MiKTeX\tex/latex/hyperref\hyperref.sty
Package: hyperref 2024-11-05 v7.01l Hypertext links for LaTeX

(C:\Users\bkm\AppData\Local\Programs\MiKTeX\tex/generic/pdfescape\pdfescape.sty
Package: pdfescape 2019/12/09 v1.15 Implements pdfTeX's escape features (HO)
) (C:\Users\bkm\AppData\Local\Programs\MiKTeX\tex/latex/hycolor\hycolor.sty
Package: hycolor 2020-01-27 v1.10 Color options for hyperref/bookmark (HO)
)
(C:\Users\bkm\AppData\Local\Programs\MiKTeX\tex/generic/stringenc\stringenc.sty
Package: stringenc 2019/11/29 v1.12 Convert strings between diff. encodings (HO
)
)
\@linkdim=\dimen185
\Hy@linkcounter=\count335
\Hy@pagecounter=\count336
 (C:\Users\bkm\AppData\Local\Programs\MiKTeX\tex/latex/hyperref\pd1enc.def
File: pd1enc.def 2024-11-05 v7.01l Hyperref: PDFDocEncoding definition (HO)
Now handling font encoding PD1 ...
... no UTF-8 mapping file for font encoding PD1
)
(C:\Users\bkm\AppData\Local\Programs\MiKTeX\tex/generic/intcalc\intcalc.sty
Package: intcalc 2019/12/15 v1.3 Expandable calculations with integers (HO)
)
\Hy@SavedSpaceFactor=\count337

(C:\Users\bkm\AppData\Local\Programs\MiKTeX\tex/latex/hyperref\puenc.def
File: puenc.def 2024-11-05 v7.01l Hyperref: PDF Unicode definition (HO)
Now handling font encoding PU ...
... no UTF-8 mapping file for font encoding PU
)
Package hyperref Info: Hyper figures OFF on input line 4157.
Package hyperref Info: Link nesting OFF on input line 4162.
Package hyperref Info: Hyper index ON on input line 4165.
Package hyperref Info: Plain pages OFF on input line 4172.
Package hyperref Info: Backreferencing OFF on input line 4177.
Package hyperref Info: Implicit mode ON; LaTeX internals redefined.
Package hyperref Info: Bookmarks ON on input line 4424.
\c@Hy@tempcnt=\count338
LaTeX Info: Redefining \url on input line 4763.
\XeTeXLinkMargin=\dimen186

(C:\Users\bkm\AppData\Local\Programs\MiKTeX\tex/generic/bitset\bitset.sty
Package: bitset 2019/12/09 v1.3 Handle bit-vector datatype (HO)

(C:\Users\bkm\AppData\Local\Programs\MiKTeX\tex/generic/bigintcalc\bigintcalc.s
ty
Package: bigintcalc 2019/12/15 v1.5 Expandable calculations on big integers (HO
)
))
\Fld@menulength=\count339
\Field@Width=\dimen187
\Fld@charsize=\dimen188
Package hyperref Info: Hyper figures OFF on input line 6042.
Package hyperref Info: Link nesting OFF on input line 6047.
Package hyperref Info: Hyper index ON on input line 6050.
Package hyperref Info: backreferencing OFF on input line 6057.
Package hyperref Info: Link coloring OFF on input line 6062.
Package hyperref Info: Link coloring with OCG OFF on input line 6067.
Package hyperref Info: PDF/A mode OFF on input line 6072.

(C:\Users\bkm\AppData\Local\Programs\MiKTeX\tex/latex/base\atbegshi-ltx.sty
Package: atbegshi-ltx 2021/01/10 v1.0c Emulation of the original atbegshi
package with kernel methods
)
\Hy@abspage=\count340
\c@Item=\count341
\c@Hfootnote=\count342
)
Package hyperref Info: Driver (autodetected): hpdftex.

(C:\Users\bkm\AppData\Local\Programs\MiKTeX\tex/latex/hyperref\hpdftex.def
File: hpdftex.def 2024-11-05 v7.01l Hyperref driver for pdfTeX

(C:\Users\bkm\AppData\Local\Programs\MiKTeX\tex/latex/base\atveryend-ltx.sty
Package: atveryend-ltx 2020/08/19 v1.0a Emulation of the original atveryend pac
kage
with kernel methods
)
\Fld@listcount=\count343
\c@bookmark@seq@number=\count344

(C:\Users\bkm\AppData\Local\Programs\MiKTeX\tex/latex/rerunfilecheck\rerunfilec
heck.sty
Package: rerunfilecheck 2022-07-10 v1.10 Rerun checks for auxiliary files (HO)

(C:\Users\bkm\AppData\Local\Programs\MiKTeX\tex/generic/uniquecounter\uniquecou
nter.sty
Package: uniquecounter 2019/12/15 v1.4 Provide unlimited unique counter (HO)
)
Package uniquecounter Info: New unique counter `rerunfilecheck' on input line 2
85.
)
\Hy@SectionHShift=\skip74
)
Package hyperref Info: Option `bookmarksnumbered' set `true' on input line 115.

Package hyperref Info: Option `colorlinks' set `true' on input line 115.

(C:\Users\bkm\AppData\Local\Programs\MiKTeX\tex/latex/nomencl\nomencl.sty
Package: nomencl 2021/11/10 v5.6 Nomenclature package

(C:\Users\bkm\AppData\Local\Programs\MiKTeX\tex/latex/xkeyval\xkeyval.sty
Package: xkeyval 2022/06/16 v2.9 package option processing (HA)

(C:\Users\bkm\AppData\Local\Programs\MiKTeX\tex/generic/xkeyval\xkeyval.tex
(C:\Users\bkm\AppData\Local\Programs\MiKTeX\tex/generic/xkeyval\xkvutils.tex
\XKV@toks=\toks39
\XKV@tempa@toks=\toks40
)
\XKV@depth=\count345
File: xkeyval.tex 2014/12/03 v2.7a key=value parser (HA)
)) (C:\Users\bkm\AppData\Local\Programs\MiKTeX\tex/latex/koma-script\tocbasic.s
ty
Package: tocbasic 2024/10/24 v3.43 KOMA-Script package (handling toc-files)
(C:\Users\bkm\AppData\Local\Programs\MiKTeX\tex/latex/koma-script\scrbase.sty
Package: scrbase 2024/10/24 v3.43 KOMA-Script package (KOMA-Script-independent 
basics and keyval usage)

(C:\Users\bkm\AppData\Local\Programs\MiKTeX\tex/latex/koma-script\scrlfile.sty
Package: scrlfile 2024/10/24 v3.43 KOMA-Script package (file load hooks)

(C:\Users\bkm\AppData\Local\Programs\MiKTeX\tex/latex/koma-script\scrlfile-hook
.sty
Package: scrlfile-hook 2024/10/24 v3.43 KOMA-Script package (using LaTeX hooks)


(C:\Users\bkm\AppData\Local\Programs\MiKTeX\tex/latex/koma-script\scrlogo.sty
Package: scrlogo 2024/10/24 v3.43 KOMA-Script package (logo)
)))
Applying: [2021/05/01] Usage of raw or classic option list on input line 254.
Already applied: [0000/00/00] Usage of raw or classic option list on input line
 370.
)
\scr@dte@tocline@numberwidth=\skip75
\scr@dte@tocline@numbox=\box78
)
Package tocbasic Info: setting babel extension for `nlo' on input line 187.
Package tocbasic Info: setting babel extension for `nls' on input line 188.
\nomlabelwidth=\dimen189
\nom@tempdim=\dimen190
\nomitemsep=\skip76
)
(C:\Users\bkm\AppData\Roaming\MiKTeX\tex/latex/nomentbl/deltares\deltares_nomen
tbl.sty
Package: deltares_nomentbl 2006/04/14 v0.4 Nomenclature in a longtable environm
ent
)
(C:\Users\bkm\AppData\Local\Programs\MiKTeX\tex/latex/bookmark\bookmark.sty
Package: bookmark 2023-12-10 v1.31 PDF bookmarks (HO)

(C:\Users\bkm\AppData\Local\Programs\MiKTeX\tex/latex/bookmark\bkm-pdftex.def
File: bkm-pdftex.def 2023-12-10 v1.31 bookmark driver for pdfTeX and luaTeX (HO
)
\BKM@id=\count346
)) (C:\Users\bkm\AppData\Local\Programs\MiKTeX\tex/latex/currfile\currfile.sty
Package: currfile 2024/03/14 v1.0 Provides the file path elements of the curren
t input file

(C:\Users\bkm\AppData\Local\Programs\MiKTeX\tex/latex/filehook\filehook.sty
Package: filehook 2022/10/25 v0.8b Hooks for input files

(C:\Users\bkm\AppData\Local\Programs\MiKTeX\tex/latex/filehook\filehook-2020.st
y
Package: filehook-2020 2022/10/25 v0.8b Hooks for input files
))
\c@currfiledepth=\count347
)
(C:\Users\bkm\AppData\Local\Programs\MiKTeX\tex/latex/adjustbox\adjustbox.sty
Package: adjustbox 2022/10/17 v1.3a Adjusting TeX boxes (trim, clip, ...)

(C:\Users\bkm\AppData\Local\Programs\MiKTeX\tex/latex/adjustbox\adjcalc.sty
Package: adjcalc 2012/05/16 v1.1 Provides advanced setlength with multiple back
-ends (calc, etex, pgfmath)
)
(C:\Users\bkm\AppData\Local\Programs\MiKTeX\tex/latex/adjustbox\trimclip.sty
Package: trimclip 2020/08/19 v1.2 Trim and clip general TeX material

(C:\Users\bkm\AppData\Local\Programs\MiKTeX\tex/latex/collectbox\collectbox.sty
Package: collectbox 2022/10/17 v0.4c Collect macro arguments as boxes
\collectedbox=\box79
)
\tc@llx=\dimen191
\tc@lly=\dimen192
\tc@urx=\dimen193
\tc@ury=\dimen194
Package trimclip Info: Using driver 'tc-pdftex.def'.
 (C:\Users\bkm\AppData\Local\Programs\MiKTeX\tex/latex/adjustbox\tc-pdftex.def
File: tc-pdftex.def 2019/01/04 v2.2 Clipping driver for pdftex
))
\adjbox@Width=\dimen195
\adjbox@Height=\dimen196
\adjbox@Depth=\dimen197
\adjbox@Totalheight=\dimen198
\adjbox@pwidth=\dimen199
\adjbox@pheight=\dimen256
\adjbox@pdepth=\dimen257
\adjbox@ptotalheight=\dimen258

(C:\Users\bkm\AppData\Local\Programs\MiKTeX\tex/latex/ifoddpage\ifoddpage.sty
Package: ifoddpage 2022/10/18 v1.2 Conditionals for odd/even page detection
\c@checkoddpage=\count348
)
(C:\Users\bkm\AppData\Local\Programs\MiKTeX\tex/latex/varwidth\varwidth.sty
Package: varwidth 2009/03/30 ver 0.92;  Variable-width minipages
\@vwid@box=\box80
\sift@deathcycles=\count349
\@vwid@loff=\dimen259
\@vwid@roff=\dimen260
))
(C:\Users\bkm\AppData\Local\Programs\MiKTeX\tex/latex/booktabs\booktabs.sty
Package: booktabs 2020/01/12 v1.61803398 Publication quality tables
\heavyrulewidth=\dimen261
\lightrulewidth=\dimen262
\cmidrulewidth=\dimen263
\belowrulesep=\dimen264
\belowbottomsep=\dimen265
\aboverulesep=\dimen266
\abovetopsep=\dimen267
\cmidrulesep=\dimen268
\cmidrulekern=\dimen269
\defaultaddspace=\dimen270
\@cmidla=\count350
\@cmidlb=\count351
\@aboverulesep=\dimen271
\@belowrulesep=\dimen272
\@thisruleclass=\count352
\@lastruleclass=\count353
\@thisrulewidth=\dimen273
)
(C:\Users\bkm\AppData\Local\Programs\MiKTeX\tex/latex/minitoc\minitoc.sty
Package: minitoc 2018/07/12 v62 Package minitoc

(C:\Users\bkm\AppData\Local\Programs\MiKTeX\tex/latex/minitoc\mtcmess.sty
Package: mtcmess 2006/03/14
)
Package minitoc Info: I0001
(minitoc)             *** minitoc package, version 62 ***.
\tf@mtc=\write4
\mtcindent=\skip77
\mtcskipamount=\skip78
Package minitoc Info: I0005
(minitoc)             compatible with hyperref.
Package minitoc Info: I0023
(minitoc)             part level macros available.
Package minitoc Info: I0003
(minitoc)             chapter level macros available.
\mtc@toks=\toks41
\mtc@strutbox=\box81
\mtc@hstrutbox=\box82
Package minitoc Info: I0002
(minitoc)             Autoconfiguration of extensions.
\openout4 = `scientific_background.mtc0'.

\openout4 = `scientific_background.mtc'.


(scientific_background.mtc0)
Package minitoc Info: I0012
(minitoc)             Long extensions (Unix-like) will be used.
Package minitoc Info: I0031
(minitoc)             ==> this version is configured for UNIX-like 
(minitoc)                 (long extensions) file names.
\openout4 = `scientific_background.mtc'.

\openout4 = `scientific_background.mtc0'.

\c@mtc=\count354
\c@minitocdepth=\count355
\c@ptc=\count356
\c@parttocdepth=\count357
\ptcindent=\skip79
Package minitoc Info: I0010
(minitoc)             The english language is selected.
(minitoc)              on input line 4910.

(C:\Users\bkm\AppData\Local\Programs\MiKTeX\tex/latex/minitoc\english.mld
File: english.mld 2006/01/13
)
(C:\Users\bkm\AppData\Local\Programs\MiKTeX\tex/latex/minitoc\english.mld
File: english.mld 2006/01/13
))
(C:\Users\bkm\AppData\Local\Programs\MiKTeX\tex/latex/datetime\datetime.sty
Package: datetime 2015/03/20 v2.60 Date Time Package

(C:\Users\bkm\AppData\Local\Programs\MiKTeX\tex/latex/fmtcount\fmtcount.sty
Package: fmtcount 2024/10/18 v3.09

(C:\Users\bkm\AppData\Local\Programs\MiKTeX\tex/latex/fmtcount\fcprefix.sty
Package: fcprefix 2012/09/28

(C:\Users\bkm\AppData\Local\Programs\MiKTeX\tex/latex/fmtcount\fcnumparser.sty
Package: fcnumparser 2017/06/15
\fc@digit@counter=\count358
))
\c@padzeroesN=\count359
\fc@tmpcatcode=\count360
 (C:\Users\bkm\AppData\Local\Programs\MiKTeX\tex/latex/fmtcount\fc-english.def
File: fc-english.def 2016/01/12
)
\@DT@modctr=\count361
\@ordinalctr=\count362
\@orgargctr=\count363
\@strctr=\count364
\@tmpstrctr=\count365
\@DT@loopN=\count366
\@DT@X=\count367
)
(C:\Users\bkm\AppData\Local\Programs\MiKTeX\tex/latex/datetime\datetime-default
s.sty
Package: datetime-defaults 2013/09/10
)
\@day=\count368
\@month=\count369
\@year=\count370
\c@HOUR=\count371
\c@HOURXII=\count372
\c@MINUTE=\count373
\c@TOHOUR=\count374
\c@TOMINUTE=\count375
\c@SECOND=\count376
\currenthour=\count377
\currentminute=\count378
\currentsecond=\count379
Package datetime Info: No datetime.cfg file found, using default settings on in
put line 308.
\@dtctr=\count380
\dayofyear=\count381
\dayofweek=\count382
LaTeX Info: Redefining \today on input line 736.
\dt@a=\toks42
\dt@b=\toks43
)
(C:\Users\bkm\AppData\Local\Programs\MiKTeX\tex/latex/tocloft\tocloft.sty
Package: tocloft 2017/08/31 v2.3i parameterised ToC, etc., typesetting
Package tocloft Info: The document has chapter divisions on input line 51.
\cftparskip=\skip80
\cftbeforetoctitleskip=\skip81
\cftaftertoctitleskip=\skip82
\cftbeforepartskip=\skip83
\cftpartnumwidth=\skip84
\cftpartindent=\skip85
\cftbeforechapskip=\skip86
\cftchapindent=\skip87
\cftchapnumwidth=\skip88
\cftbeforesecskip=\skip89
\cftsecindent=\skip90
\cftsecnumwidth=\skip91
\cftbeforesubsecskip=\skip92
\cftsubsecindent=\skip93
\cftsubsecnumwidth=\skip94
\cftbeforesubsubsecskip=\skip95
\cftsubsubsecindent=\skip96
\cftsubsubsecnumwidth=\skip97
\cftbeforeparaskip=\skip98
\cftparaindent=\skip99
\cftparanumwidth=\skip100
\cftbeforesubparaskip=\skip101
\cftsubparaindent=\skip102
\cftsubparanumwidth=\skip103
\cftbeforeloftitleskip=\skip104
\cftafterloftitleskip=\skip105
\cftbeforefigskip=\skip106
\cftfigindent=\skip107
\cftfignumwidth=\skip108
\c@lofdepth=\count383
\c@lotdepth=\count384
\cftbeforelottitleskip=\skip109
\cftafterlottitleskip=\skip110
\cftbeforetabskip=\skip111
\cfttabindent=\skip112
\cfttabnumwidth=\skip113
)
\tocindent=\skip114
\c@photo=\count385
\c@actie=\count386

(C:\Users\bkm\AppData\Local\Programs\MiKTeX\tex/latex/lastpage\lastpage.sty
Package: lastpage 2024/11/24 v2.1d lastpage: 2.09 or 2e? (HMM)

(C:\Users\bkm\AppData\Local\Programs\MiKTeX\tex/latex/lastpage\lastpage2e.sty
Package: lastpage2e 2024/11/24 v2.1d Decide which 2e lastpage version to use (H
MM)

(C:\Users\bkm\AppData\Local\Programs\MiKTeX\tex/latex/lastpage\lastpagemodern.s
ty
Package: lastpagemodern 2024-11-24 v2.1d Refers to last page's name (HMM; JPG)
\c@lastpagecount=\count387
) 
))
(C:\Users\bkm\AppData\Local\Programs\MiKTeX\tex/latex/transparent\transparent.s
ty
Package: transparent 2022-10-27 v1.5 Transparency with color stacks

(C:\Users\bkm\AppData\Local\Programs\MiKTeX\tex/latex/transparent\transparent-n
ometadata.sty
Package: transparent-nometadata 2022-10-27 v1.5 Transparency via pdfTeX's color
 stack (HO)

(C:\Users\bkm\AppData\Local\Programs\MiKTeX\tex/latex/auxhook\auxhook.sty
Package: auxhook 2019-12-17 v1.6 Hooks for auxiliary files (HO)
)))
\texttab=\skip115

(C:\Users\bkm\AppData\Local\Programs\MiKTeX\tex/latex/fancyhdr\fancyhdr.sty
Package: fancyhdr 2024/12/09 v4.5 Extensive control of page headers and footers

\f@nch@headwidth=\skip116
\f@nch@O@elh=\skip117
\f@nch@O@erh=\skip118
\f@nch@O@olh=\skip119
\f@nch@O@orh=\skip120
\f@nch@O@elf=\skip121
\f@nch@O@erf=\skip122
\f@nch@O@olf=\skip123
\f@nch@O@orf=\skip124
)
\maxfoottitlewidth=\skip125
\foottitlewidth=\skip126
\c@n_sp_blocks=\count388
\c@n_sp_items=\count389
\c@numnote=\count390

(C:\Users\bkm\AppData\Local\Programs\MiKTeX\tex/latex/base\makeidx.sty
Package: makeidx 2021/10/04 v1.0m Standard LaTeX package
)
(C:\Users\bkm\AppData\Local\Programs\MiKTeX\tex/latex/idxlayout\idxlayout.sty
Package: idxlayout 2012/03/30 v0.4d Configurable index layout

(C:\Users\bkm\AppData\Local\Programs\MiKTeX\tex/latex/tools\multicol.sty
Package: multicol 2024/09/14 v1.9i multicolumn formatting (FMi)
\c@tracingmulticols=\count391
\mult@box=\box83
\multicol@leftmargin=\dimen274
\c@unbalance=\count392
\c@collectmore=\count393
\doublecol@number=\count394
\multicoltolerance=\count395
\multicolpretolerance=\count396
\full@width=\dimen275
\page@free=\dimen276
\premulticols=\dimen277
\postmulticols=\dimen278
\multicolsep=\skip127
\multicolbaselineskip=\skip128
\partial@page=\box84
\last@line=\box85
\mc@boxedresult=\box86
\maxbalancingoverflow=\dimen279
\mult@rightbox=\box87
\mult@grightbox=\box88
\mult@firstbox=\box89
\mult@gfirstbox=\box90
\@tempa=\box91
\@tempa=\box92
\@tempa=\box93
\@tempa=\box94
\@tempa=\box95
\@tempa=\box96
\@tempa=\box97
\@tempa=\box98
\@tempa=\box99
\@tempa=\box100
\@tempa=\box101
\@tempa=\box102
\@tempa=\box103
\@tempa=\box104
\@tempa=\box105
\@tempa=\box106
\@tempa=\box107
\@tempa=\box108
\@tempa=\box109
\@tempa=\box110
\@tempa=\box111
\@tempa=\box112
\@tempa=\box113
\@tempa=\box114
\@tempa=\box115
\@tempa=\box116
\@tempa=\box117
\@tempa=\box118
\@tempa=\box119
\@tempa=\box120
\@tempa=\box121
\@tempa=\box122
\@tempa=\box123
\@tempa=\box124
\@tempa=\box125
\@tempa=\box126
\c@minrows=\count397
\c@columnbadness=\count398
\c@finalcolumnbadness=\count399
\last@try=\dimen280
\multicolovershoot=\dimen281
\multicolundershoot=\dimen282
\mult@nat@firstbox=\box127
\colbreak@box=\box128
\mc@col@check@num=\count400
)
\c@idxcols=\count401
\indexcolsep=\skip129
\indexrule=\skip130
\ila@indentunit=\skip131
\ila@initsep=\skip132
)
(C:\Users\bkm\AppData\Local\Programs\MiKTeX\tex/latex/natbib\natbib.sty
Package: natbib 2010/09/13 8.31b (PWD, AO)
\bibhang=\skip133
\bibsep=\skip134
LaTeX Info: Redefining \cite on input line 694.
\c@NAT@ctr=\count402
)
runsystem(makeindex -q scientific_background.nlo -s deltares_nomentbl.ist -o sc
ientific_background.nls)...executed safely (allowed).

\@nomenclaturefile=\write5
\openout5 = `scientific_background.nlo'.

Package nomencl Info: Writing nomenclature file scientific_background.nlo on in
put line 2424.
)
(C:\Users\bkm\AppData\Local\Programs\MiKTeX\tex/generic/mathdots\mathdots.sty
Package: mathdots 2014/06/11 v0.9 Improve and add various macros for dots in ma
th.
\MDo@unit=\dimen283
\MDo@dotsbox=\box129
\MDoprekern=\muskip19
\MDopostkern=\muskip20
\MDodotkern=\muskip21
)
(C:\Users\bkm\AppData\Local\Programs\MiKTeX\tex/latex/pgf/frontendlayer\tikz.st
y (C:\Users\bkm\AppData\Local\Programs\MiKTeX\tex/latex/pgf/basiclayer\pgf.sty
(C:\Users\bkm\AppData\Local\Programs\MiKTeX\tex/latex/pgf/utilities\pgfrcs.sty
(C:\Users\bkm\AppData\Local\Programs\MiKTeX\tex/generic/pgf/utilities\pgfutil-c
ommon.tex
\pgfutil@everybye=\toks44
\pgfutil@tempdima=\dimen284
\pgfutil@tempdimb=\dimen285
)
(C:\Users\bkm\AppData\Local\Programs\MiKTeX\tex/generic/pgf/utilities\pgfutil-l
atex.def
\pgfutil@abb=\box130
)
(C:\Users\bkm\AppData\Local\Programs\MiKTeX\tex/generic/pgf/utilities\pgfrcs.co
de.tex
(C:\Users\bkm\AppData\Local\Programs\MiKTeX\tex/generic/pgf\pgf.revision.tex)
Package: pgfrcs 2023-01-15 v3.1.10 (3.1.10)
))
Package: pgf 2023-01-15 v3.1.10 (3.1.10)

(C:\Users\bkm\AppData\Local\Programs\MiKTeX\tex/latex/pgf/basiclayer\pgfcore.st
y
(C:\Users\bkm\AppData\Local\Programs\MiKTeX\tex/latex/pgf/systemlayer\pgfsys.st
y
(C:\Users\bkm\AppData\Local\Programs\MiKTeX\tex/generic/pgf/systemlayer\pgfsys.
code.tex
Package: pgfsys 2023-01-15 v3.1.10 (3.1.10)

(C:\Users\bkm\AppData\Local\Programs\MiKTeX\tex/generic/pgf/utilities\pgfkeys.c
ode.tex
\pgfkeys@pathtoks=\toks45
\pgfkeys@temptoks=\toks46

(C:\Users\bkm\AppData\Local\Programs\MiKTeX\tex/generic/pgf/utilities\pgfkeysli
braryfiltered.code.tex
\pgfkeys@tmptoks=\toks47
))
\pgf@x=\dimen286
\pgf@y=\dimen287
\pgf@xa=\dimen288
\pgf@ya=\dimen289
\pgf@xb=\dimen290
\pgf@yb=\dimen291
\pgf@xc=\dimen292
\pgf@yc=\dimen293
\pgf@xd=\dimen294
\pgf@yd=\dimen295
\w@pgf@writea=\write6
\r@pgf@reada=\read5
\c@pgf@counta=\count403
\c@pgf@countb=\count404
\c@pgf@countc=\count405
\c@pgf@countd=\count406
\t@pgf@toka=\toks48
\t@pgf@tokb=\toks49
\t@pgf@tokc=\toks50
\pgf@sys@id@count=\count407

(C:\Users\bkm\AppData\Local\Programs\MiKTeX\tex/generic/pgf/systemlayer\pgf.cfg
File: pgf.cfg 2023-01-15 v3.1.10 (3.1.10)
)
Driver file for pgf: pgfsys-pdftex.def

(C:\Users\bkm\AppData\Local\Programs\MiKTeX\tex/generic/pgf/systemlayer\pgfsys-
pdftex.def
File: pgfsys-pdftex.def 2023-01-15 v3.1.10 (3.1.10)

(C:\Users\bkm\AppData\Local\Programs\MiKTeX\tex/generic/pgf/systemlayer\pgfsys-
common-pdf.def
File: pgfsys-common-pdf.def 2023-01-15 v3.1.10 (3.1.10)
)))
(C:\Users\bkm\AppData\Local\Programs\MiKTeX\tex/generic/pgf/systemlayer\pgfsyss
oftpath.code.tex
File: pgfsyssoftpath.code.tex 2023-01-15 v3.1.10 (3.1.10)
\pgfsyssoftpath@smallbuffer@items=\count408
\pgfsyssoftpath@bigbuffer@items=\count409
)
(C:\Users\bkm\AppData\Local\Programs\MiKTeX\tex/generic/pgf/systemlayer\pgfsysp
rotocol.code.tex
File: pgfsysprotocol.code.tex 2023-01-15 v3.1.10 (3.1.10)
))
(C:\Users\bkm\AppData\Local\Programs\MiKTeX\tex/generic/pgf/basiclayer\pgfcore.
code.tex
Package: pgfcore 2023-01-15 v3.1.10 (3.1.10)

(C:\Users\bkm\AppData\Local\Programs\MiKTeX\tex/generic/pgf/math\pgfmath.code.t
ex
(C:\Users\bkm\AppData\Local\Programs\MiKTeX\tex/generic/pgf/math\pgfmathutil.co
de.tex)
(C:\Users\bkm\AppData\Local\Programs\MiKTeX\tex/generic/pgf/math\pgfmathparser.
code.tex
\pgfmath@dimen=\dimen296
\pgfmath@count=\count410
\pgfmath@box=\box131
\pgfmath@toks=\toks51
\pgfmath@stack@operand=\toks52
\pgfmath@stack@operation=\toks53
)
(C:\Users\bkm\AppData\Local\Programs\MiKTeX\tex/generic/pgf/math\pgfmathfunctio
ns.code.tex)
(C:\Users\bkm\AppData\Local\Programs\MiKTeX\tex/generic/pgf/math\pgfmathfunctio
ns.basic.code.tex)
(C:\Users\bkm\AppData\Local\Programs\MiKTeX\tex/generic/pgf/math\pgfmathfunctio
ns.trigonometric.code.tex)
(C:\Users\bkm\AppData\Local\Programs\MiKTeX\tex/generic/pgf/math\pgfmathfunctio
ns.random.code.tex)
(C:\Users\bkm\AppData\Local\Programs\MiKTeX\tex/generic/pgf/math\pgfmathfunctio
ns.comparison.code.tex)
(C:\Users\bkm\AppData\Local\Programs\MiKTeX\tex/generic/pgf/math\pgfmathfunctio
ns.base.code.tex)
(C:\Users\bkm\AppData\Local\Programs\MiKTeX\tex/generic/pgf/math\pgfmathfunctio
ns.round.code.tex)
(C:\Users\bkm\AppData\Local\Programs\MiKTeX\tex/generic/pgf/math\pgfmathfunctio
ns.misc.code.tex)
(C:\Users\bkm\AppData\Local\Programs\MiKTeX\tex/generic/pgf/math\pgfmathfunctio
ns.integerarithmetics.code.tex)
(C:\Users\bkm\AppData\Local\Programs\MiKTeX\tex/generic/pgf/math\pgfmathcalc.co
de.tex)
(C:\Users\bkm\AppData\Local\Programs\MiKTeX\tex/generic/pgf/math\pgfmathfloat.c
ode.tex
\c@pgfmathroundto@lastzeros=\count411
))
(C:\Users\bkm\AppData\Local\Programs\MiKTeX\tex/generic/pgf/math\pgfint.code.te
x)
(C:\Users\bkm\AppData\Local\Programs\MiKTeX\tex/generic/pgf/basiclayer\pgfcorep
oints.code.tex
File: pgfcorepoints.code.tex 2023-01-15 v3.1.10 (3.1.10)
\pgf@picminx=\dimen297
\pgf@picmaxx=\dimen298
\pgf@picminy=\dimen299
\pgf@picmaxy=\dimen300
\pgf@pathminx=\dimen301
\pgf@pathmaxx=\dimen302
\pgf@pathminy=\dimen303
\pgf@pathmaxy=\dimen304
\pgf@xx=\dimen305
\pgf@xy=\dimen306
\pgf@yx=\dimen307
\pgf@yy=\dimen308
\pgf@zx=\dimen309
\pgf@zy=\dimen310
)
(C:\Users\bkm\AppData\Local\Programs\MiKTeX\tex/generic/pgf/basiclayer\pgfcorep
athconstruct.code.tex
File: pgfcorepathconstruct.code.tex 2023-01-15 v3.1.10 (3.1.10)
\pgf@path@lastx=\dimen311
\pgf@path@lasty=\dimen312
)
(C:\Users\bkm\AppData\Local\Programs\MiKTeX\tex/generic/pgf/basiclayer\pgfcorep
athusage.code.tex
File: pgfcorepathusage.code.tex 2023-01-15 v3.1.10 (3.1.10)
\pgf@shorten@end@additional=\dimen313
\pgf@shorten@start@additional=\dimen314
)
(C:\Users\bkm\AppData\Local\Programs\MiKTeX\tex/generic/pgf/basiclayer\pgfcores
copes.code.tex
File: pgfcorescopes.code.tex 2023-01-15 v3.1.10 (3.1.10)
\pgfpic=\box132
\pgf@hbox=\box133
\pgf@layerbox@main=\box134
\pgf@picture@serial@count=\count412
)
(C:\Users\bkm\AppData\Local\Programs\MiKTeX\tex/generic/pgf/basiclayer\pgfcoreg
raphicstate.code.tex
File: pgfcoregraphicstate.code.tex 2023-01-15 v3.1.10 (3.1.10)
\pgflinewidth=\dimen315
)
(C:\Users\bkm\AppData\Local\Programs\MiKTeX\tex/generic/pgf/basiclayer\pgfcoret
ransformations.code.tex
File: pgfcoretransformations.code.tex 2023-01-15 v3.1.10 (3.1.10)
\pgf@pt@x=\dimen316
\pgf@pt@y=\dimen317
\pgf@pt@temp=\dimen318
)
(C:\Users\bkm\AppData\Local\Programs\MiKTeX\tex/generic/pgf/basiclayer\pgfcoreq
uick.code.tex
File: pgfcorequick.code.tex 2023-01-15 v3.1.10 (3.1.10)
)
(C:\Users\bkm\AppData\Local\Programs\MiKTeX\tex/generic/pgf/basiclayer\pgfcoreo
bjects.code.tex
File: pgfcoreobjects.code.tex 2023-01-15 v3.1.10 (3.1.10)
)
(C:\Users\bkm\AppData\Local\Programs\MiKTeX\tex/generic/pgf/basiclayer\pgfcorep
athprocessing.code.tex
File: pgfcorepathprocessing.code.tex 2023-01-15 v3.1.10 (3.1.10)
)
(C:\Users\bkm\AppData\Local\Programs\MiKTeX\tex/generic/pgf/basiclayer\pgfcorea
rrows.code.tex
File: pgfcorearrows.code.tex 2023-01-15 v3.1.10 (3.1.10)
\pgfarrowsep=\dimen319
)
(C:\Users\bkm\AppData\Local\Programs\MiKTeX\tex/generic/pgf/basiclayer\pgfcores
hade.code.tex
File: pgfcoreshade.code.tex 2023-01-15 v3.1.10 (3.1.10)
\pgf@max=\dimen320
\pgf@sys@shading@range@num=\count413
\pgf@shadingcount=\count414
)
(C:\Users\bkm\AppData\Local\Programs\MiKTeX\tex/generic/pgf/basiclayer\pgfcorei
mage.code.tex
File: pgfcoreimage.code.tex 2023-01-15 v3.1.10 (3.1.10)
)
(C:\Users\bkm\AppData\Local\Programs\MiKTeX\tex/generic/pgf/basiclayer\pgfcoree
xternal.code.tex
File: pgfcoreexternal.code.tex 2023-01-15 v3.1.10 (3.1.10)
\pgfexternal@startupbox=\box135
)
(C:\Users\bkm\AppData\Local\Programs\MiKTeX\tex/generic/pgf/basiclayer\pgfcorel
ayers.code.tex
File: pgfcorelayers.code.tex 2023-01-15 v3.1.10 (3.1.10)
)
(C:\Users\bkm\AppData\Local\Programs\MiKTeX\tex/generic/pgf/basiclayer\pgfcoret
ransparency.code.tex
File: pgfcoretransparency.code.tex 2023-01-15 v3.1.10 (3.1.10)
)
(C:\Users\bkm\AppData\Local\Programs\MiKTeX\tex/generic/pgf/basiclayer\pgfcorep
atterns.code.tex
File: pgfcorepatterns.code.tex 2023-01-15 v3.1.10 (3.1.10)
)
(C:\Users\bkm\AppData\Local\Programs\MiKTeX\tex/generic/pgf/basiclayer\pgfcorer
df.code.tex
File: pgfcorerdf.code.tex 2023-01-15 v3.1.10 (3.1.10)
)))
(C:\Users\bkm\AppData\Local\Programs\MiKTeX\tex/generic/pgf/modules\pgfmodulesh
apes.code.tex
File: pgfmoduleshapes.code.tex 2023-01-15 v3.1.10 (3.1.10)
\pgfnodeparttextbox=\box136
)
(C:\Users\bkm\AppData\Local\Programs\MiKTeX\tex/generic/pgf/modules\pgfmodulepl
ot.code.tex
File: pgfmoduleplot.code.tex 2023-01-15 v3.1.10 (3.1.10)
)
(C:\Users\bkm\AppData\Local\Programs\MiKTeX\tex/latex/pgf/compatibility\pgfcomp
-version-0-65.sty
Package: pgfcomp-version-0-65 2023-01-15 v3.1.10 (3.1.10)
\pgf@nodesepstart=\dimen321
\pgf@nodesepend=\dimen322
)
(C:\Users\bkm\AppData\Local\Programs\MiKTeX\tex/latex/pgf/compatibility\pgfcomp
-version-1-18.sty
Package: pgfcomp-version-1-18 2023-01-15 v3.1.10 (3.1.10)
))
(C:\Users\bkm\AppData\Local\Programs\MiKTeX\tex/latex/pgf/utilities\pgffor.sty
(C:\Users\bkm\AppData\Local\Programs\MiKTeX\tex/latex/pgf/utilities\pgfkeys.sty

(C:\Users\bkm\AppData\Local\Programs\MiKTeX\tex/generic/pgf/utilities\pgfkeys.c
ode.tex))
(C:\Users\bkm\AppData\Local\Programs\MiKTeX\tex/latex/pgf/math\pgfmath.sty
(C:\Users\bkm\AppData\Local\Programs\MiKTeX\tex/generic/pgf/math\pgfmath.code.t
ex))
(C:\Users\bkm\AppData\Local\Programs\MiKTeX\tex/generic/pgf/utilities\pgffor.co
de.tex
Package: pgffor 2023-01-15 v3.1.10 (3.1.10)
\pgffor@iter=\dimen323
\pgffor@skip=\dimen324
\pgffor@stack=\toks54
\pgffor@toks=\toks55
))
(C:\Users\bkm\AppData\Local\Programs\MiKTeX\tex/generic/pgf/frontendlayer/tikz\
tikz.code.tex
Package: tikz 2023-01-15 v3.1.10 (3.1.10)

(C:\Users\bkm\AppData\Local\Programs\MiKTeX\tex/generic/pgf/libraries\pgflibrar
yplothandlers.code.tex
File: pgflibraryplothandlers.code.tex 2023-01-15 v3.1.10 (3.1.10)
\pgf@plot@mark@count=\count415
\pgfplotmarksize=\dimen325
)
\tikz@lastx=\dimen326
\tikz@lasty=\dimen327
\tikz@lastxsaved=\dimen328
\tikz@lastysaved=\dimen329
\tikz@lastmovetox=\dimen330
\tikz@lastmovetoy=\dimen331
\tikzleveldistance=\dimen332
\tikzsiblingdistance=\dimen333
\tikz@figbox=\box137
\tikz@figbox@bg=\box138
\tikz@tempbox=\box139
\tikz@tempbox@bg=\box140
\tikztreelevel=\count416
\tikznumberofchildren=\count417
\tikznumberofcurrentchild=\count418
\tikz@fig@count=\count419

(C:\Users\bkm\AppData\Local\Programs\MiKTeX\tex/generic/pgf/modules\pgfmodulema
trix.code.tex
File: pgfmodulematrix.code.tex 2023-01-15 v3.1.10 (3.1.10)
\pgfmatrixcurrentrow=\count420
\pgfmatrixcurrentcolumn=\count421
\pgf@matrix@numberofcolumns=\count422
)
\tikz@expandcount=\count423

(C:\Users\bkm\AppData\Local\Programs\MiKTeX\tex/generic/pgf/frontendlayer/tikz/
libraries\tikzlibrarytopaths.code.tex
File: tikzlibrarytopaths.code.tex 2023-01-15 v3.1.10 (3.1.10)
)))
(C:\Users\bkm\AppData\Local\Programs\MiKTeX\tex/generic/pgf/frontendlayer/tikz/
libraries\tikzlibraryarrows.code.tex
File: tikzlibraryarrows.code.tex 2023-01-15 v3.1.10 (3.1.10)

(C:\Users\bkm\AppData\Local\Programs\MiKTeX\tex/generic/pgf/libraries\pgflibrar
yarrows.code.tex
File: pgflibraryarrows.code.tex 2023-01-15 v3.1.10 (3.1.10)
\arrowsize=\dimen334
))
(C:\Users\bkm\AppData\Local\Programs\MiKTeX\tex/generic/pgf/frontendlayer/tikz/
libraries\tikzlibraryquotes.code.tex
File: tikzlibraryquotes.code.tex 2023-01-15 v3.1.10 (3.1.10)
)
(C:\Users\bkm\AppData\Local\Programs\MiKTeX\tex/generic/pgf/frontendlayer/tikz/
libraries\tikzlibrarypositioning.code.tex
File: tikzlibrarypositioning.code.tex 2023-01-15 v3.1.10 (3.1.10)
)
(C:\Users\bkm\AppData\Local\Programs\MiKTeX\tex/generic/pgf/frontendlayer/tikz/
libraries\tikzlibraryshapes.code.tex
File: tikzlibraryshapes.code.tex 2023-01-15 v3.1.10 (3.1.10)

(C:\Users\bkm\AppData\Local\Programs\MiKTeX\tex/generic/pgf/frontendlayer/tikz/
libraries\tikzlibraryshapes.geometric.code.tex
File: tikzlibraryshapes.geometric.code.tex 2023-01-15 v3.1.10 (3.1.10)

(C:\Users\bkm\AppData\Local\Programs\MiKTeX\tex/generic/pgf/libraries/shapes\pg
flibraryshapes.geometric.code.tex
File: pgflibraryshapes.geometric.code.tex 2023-01-15 v3.1.10 (3.1.10)
))
(C:\Users\bkm\AppData\Local\Programs\MiKTeX\tex/generic/pgf/frontendlayer/tikz/
libraries\tikzlibraryshapes.misc.code.tex
File: tikzlibraryshapes.misc.code.tex 2023-01-15 v3.1.10 (3.1.10)

(C:\Users\bkm\AppData\Local\Programs\MiKTeX\tex/generic/pgf/libraries/shapes\pg
flibraryshapes.misc.code.tex
File: pgflibraryshapes.misc.code.tex 2023-01-15 v3.1.10 (3.1.10)
))
(C:\Users\bkm\AppData\Local\Programs\MiKTeX\tex/generic/pgf/frontendlayer/tikz/
libraries\tikzlibraryshapes.symbols.code.tex
File: tikzlibraryshapes.symbols.code.tex 2023-01-15 v3.1.10 (3.1.10)

(C:\Users\bkm\AppData\Local\Programs\MiKTeX\tex/generic/pgf/libraries/shapes\pg
flibraryshapes.symbols.code.tex
File: pgflibraryshapes.symbols.code.tex 2023-01-15 v3.1.10 (3.1.10)
))
(C:\Users\bkm\AppData\Local\Programs\MiKTeX\tex/generic/pgf/frontendlayer/tikz/
libraries\tikzlibraryshapes.arrows.code.tex
File: tikzlibraryshapes.arrows.code.tex 2023-01-15 v3.1.10 (3.1.10)

(C:\Users\bkm\AppData\Local\Programs\MiKTeX\tex/generic/pgf/libraries/shapes\pg
flibraryshapes.arrows.code.tex
File: pgflibraryshapes.arrows.code.tex 2023-01-15 v3.1.10 (3.1.10)
))
(C:\Users\bkm\AppData\Local\Programs\MiKTeX\tex/generic/pgf/frontendlayer/tikz/
libraries\tikzlibraryshapes.callouts.code.tex
(C:\Users\bkm\AppData\Local\Programs\MiKTeX\tex/generic/pgf/libraries/shapes\pg
flibraryshapes.callouts.code.tex))
(C:\Users\bkm\AppData\Local\Programs\MiKTeX\tex/generic/pgf/frontendlayer/tikz/
libraries\tikzlibraryshapes.multipart.code.tex
File: tikzlibraryshapes.multipart.code.tex 2023-01-15 v3.1.10 (3.1.10)

(C:\Users\bkm\AppData\Local\Programs\MiKTeX\tex/generic/pgf/libraries/shapes\pg
flibraryshapes.multipart.code.tex
File: pgflibraryshapes.multipart.code.tex 2023-01-15 v3.1.10 (3.1.10)
\pgfnodepartlowerbox=\box141
\pgfnodeparttwobox=\box142
\pgfnodepartthreebox=\box143
\pgfnodepartfourbox=\box144
\pgfnodeparttwentybox=\box145
\pgfnodepartnineteenbox=\box146
\pgfnodeparteighteenbox=\box147
\pgfnodepartseventeenbox=\box148
\pgfnodepartsixteenbox=\box149
\pgfnodepartfifteenbox=\box150
\pgfnodepartfourteenbox=\box151
\pgfnodepartthirteenbox=\box152
\pgfnodeparttwelvebox=\box153
\pgfnodepartelevenbox=\box154
\pgfnodeparttenbox=\box155
\pgfnodepartninebox=\box156
\pgfnodeparteightbox=\box157
\pgfnodepartsevenbox=\box158
\pgfnodepartsixbox=\box159
\pgfnodepartfivebox=\box160
)))
(C:\Users\bkm\AppData\Local\Programs\MiKTeX\tex/generic/pgf/frontendlayer/tikz/
libraries\tikzlibrarycalc.code.tex
File: tikzlibrarycalc.code.tex 2023-01-15 v3.1.10 (3.1.10)
)
(C:\Users\bkm\AppData\Local\Programs\MiKTeX\tex/latex/algorithms\algorithm.sty
Package: algorithm 2009/08/24 v0.1 Document Style `algorithm' - floating enviro
nment
\@float@every@algorithm=\toks56
\c@algorithm=\count424
)
(C:\Users\bkm\AppData\Local\Programs\MiKTeX\tex/latex/algorithmicx\algpseudocod
e.sty
Package: algpseudocode 

(C:\Users\bkm\AppData\Local\Programs\MiKTeX\tex/latex/algorithmicx\algorithmicx
.sty
Package: algorithmicx 2005/04/27 v1.2 Algorithmicx

Document Style algorithmicx 1.2 - a greatly improved `algorithmic' style
\c@ALG@line=\count425
\c@ALG@rem=\count426
\c@ALG@nested=\count427
\ALG@tlm=\skip135
\ALG@thistlm=\skip136
\c@ALG@Lnr=\count428
\c@ALG@blocknr=\count429
\c@ALG@storecount=\count430
\c@ALG@tmpcounter=\count431
\ALG@tmplength=\skip137
)
Document Style - pseudocode environments for use with the `algorithmicx' style
)
(C:\Users\bkm\AppData\Local\Programs\MiKTeX\tex/latex/pythonhighlight\pythonhig
hlight.sty
Package: pythonhighlight 2024/03/18 python code highlighting; provided by Olivi
er Verdier <olivier.verdier@gmail.com>

(C:\Users\bkm\AppData\Local\Programs\MiKTeX\tex/latex/listings\listings.sty
\lst@mode=\count432
\lst@gtempboxa=\box161
\lst@token=\toks57
\lst@length=\count433
\lst@currlwidth=\dimen335
\lst@column=\count434
\lst@pos=\count435
\lst@lostspace=\dimen336
\lst@width=\dimen337
\lst@newlines=\count436
\lst@lineno=\count437
\lst@maxwidth=\dimen338

(C:\Users\bkm\AppData\Local\Programs\MiKTeX\tex/latex/listings\lstpatch.sty
File: lstpatch.sty 2024/09/23 1.10c (Carsten Heinz)
)
(C:\Users\bkm\AppData\Local\Programs\MiKTeX\tex/latex/listings\lstmisc.sty
File: lstmisc.sty 2024/09/23 1.10c (Carsten Heinz)
\c@lstnumber=\count438
\lst@skipnumbers=\count439
\lst@framebox=\box162
)
(C:\Users\bkm\AppData\Local\Programs\MiKTeX\tex/latex/listings\listings.cfg
File: listings.cfg 2024/09/23 1.10c listings configuration
))
Package: listings 2024/09/23 1.10c (Carsten Heinz)

(C:\Users\bkm\AppData\Local\Programs\MiKTeX\tex/latex/l3packages/xparse\xparse.
sty
Package: xparse 2024-08-16 L3 Experimental document command parser
))
(C:\Users\bkm\AppData\Local\Programs\MiKTeX\tex/latex/ragged2e\ragged2e.sty
Package: ragged2e 2023/06/22 v3.6 ragged2e Package
\CenteringLeftskip=\skip138
\RaggedLeftLeftskip=\skip139
\RaggedRightLeftskip=\skip140
\CenteringRightskip=\skip141
\RaggedLeftRightskip=\skip142
\RaggedRightRightskip=\skip143
\CenteringParfillskip=\skip144
\RaggedLeftParfillskip=\skip145
\RaggedRightParfillskip=\skip146
\JustifyingParfillskip=\skip147
\CenteringParindent=\skip148
\RaggedLeftParindent=\skip149
\RaggedRightParindent=\skip150
\JustifyingParindent=\skip151
)

LaTeX Warning: Unused global option(s):
    [subfooter].

(scientific_background.aux (scientific_chapters/Introduction.aux)
(scientific_chapters/Statistics.aux) (scientific_chapters/Sensitivity.aux)
(scientific_chapters/Output_uncertainty.aux)
(scientific_chapters/Reliability.aux

LaTeX Warning: Label `0.144)' multiply defined.

) (scientific_chapters/SystemReliability.aux

LaTeX Warning: Label `0.122)' multiply defined.

) (scientific_chapters/CorrelationModels.aux)
(scientific_chapters/Conversions.aux))
\openout1 = `scientific_background.aux'.

LaTeX Font Info:    Checking defaults for OML/cmm/m/it on input line 36.
LaTeX Font Info:    ... okay on input line 36.
LaTeX Font Info:    Checking defaults for OMS/cmsy/m/n on input line 36.
LaTeX Font Info:    ... okay on input line 36.
LaTeX Font Info:    Checking defaults for OT1/cmr/m/n on input line 36.
LaTeX Font Info:    ... okay on input line 36.
LaTeX Font Info:    Checking defaults for T1/cmr/m/n on input line 36.
LaTeX Font Info:    ... okay on input line 36.
LaTeX Font Info:    Checking defaults for TS1/cmr/m/n on input line 36.
LaTeX Font Info:    ... okay on input line 36.
LaTeX Font Info:    Checking defaults for OMX/cmex/m/n on input line 36.
LaTeX Font Info:    ... okay on input line 36.
LaTeX Font Info:    Checking defaults for U/cmr/m/n on input line 36.
LaTeX Font Info:    ... okay on input line 36.
LaTeX Font Info:    Checking defaults for PD1/pdf/m/n on input line 36.
LaTeX Font Info:    ... okay on input line 36.
LaTeX Font Info:    Checking defaults for PU/pdf/m/n on input line 36.
LaTeX Font Info:    ... okay on input line 36.

(C:\Users\bkm\AppData\Local\Programs\MiKTeX\tex/context/base/mkii\supp-pdf.mkii
[Loading MPS to PDF converter (version 2006.09.02).]
\scratchcounter=\count440
\scratchdimen=\dimen339
\scratchbox=\box163
\nofMPsegments=\count441
\nofMParguments=\count442
\everyMPshowfont=\toks58
\MPscratchCnt=\count443
\MPscratchDim=\dimen340
\MPnumerator=\count444
\makeMPintoPDFobject=\count445
\everyMPtoPDFconversion=\toks59
) (C:\Users\bkm\AppData\Local\Programs\MiKTeX\tex/latex/pdflscape\pdflscape.sty
Package: pdflscape 2022-10-27 v0.13 Display of landscape pages in PDF

(C:\Users\bkm\AppData\Local\Programs\MiKTeX\tex/latex/pdflscape\pdflscape-nomet
adata.sty
Package: pdflscape-nometadata 2022-10-28 v0.13 Display of landscape pages in PD
F (HO)

(C:\Users\bkm\AppData\Local\Programs\MiKTeX\tex/latex/graphics\lscape.sty
Package: lscape 2020/05/28 v3.02 Landscape Pages (DPC)
)
Package pdflscape Info: Auto-detected driver: pdftex on input line 81.
))
(C:\Users\bkm\AppData\Local\Programs\MiKTeX\tex/latex/translations/dicts\transl
ations-basic-dictionary-english.trsl
File: translations-basic-dictionary-english.trsl (english translation file `tra
nslations-basic-dictionary')
)
Package translations Info: loading dictionary `translations-basic-dictionary' f
or `english'. on input line 36.
Package caption Info: Begin \AtBeginDocument code.
Package caption Info: hyperref package is loaded.
Package caption Info: listings package is loaded.
Package caption Info: rotating package is loaded.
Package caption Info: End \AtBeginDocument code.
Package hyperref Info: Link coloring ON on input line 36.
\c@minilofdepth=\count446
\c@minilotdepth=\count447
\c@partlofdepth=\count448
\c@partlotdepth=\count449
\c@sectlofdepth=\count450
\c@sectlotdepth=\count451
Package minitoc(hints) Info: I0049
(minitoc(hints))             ==> You requested the hints option. 
(minitoc(hints))             Some hints are eventually given below.
Package minitoc(hints) Info: I0047
(minitoc(hints))             --- The tocloft package is loaded. 
(minitoc(hints))             See the minitoc package documentation 
(minitoc(hints))             for specific precautions.


Package minitoc(hints) Warning: W0030
(minitoc(hints))                --- The \part command is altered 
(minitoc(hints))                after minitoc.


Package minitoc(hints) Warning: W0023
(minitoc(hints))                --- It may be the consequence 
(minitoc(hints))                of loading the ``hyperref'' package.


Package minitoc(hints) Warning: W0028
(minitoc(hints))                --- The \chapter command is altered 
(minitoc(hints))                after minitoc.


Package minitoc(hints) Warning: W0023
(minitoc(hints))                --- It may be the consequence 
(minitoc(hints))                of loading the ``hyperref'' package.

\c@lstlisting=\count452
Package tocbasic Info: setting babel extension for `lol' on input line 36.

Package fancyhdr Warning: \fancyhead's `E' option without twoside option is use
less.
(fancyhdr)                Please consider using the `twoside' option on input l
ine 80.


Package fancyhdr Warning: \fancyhead's `E' option without twoside option is use
less.
(fancyhdr)                Please consider using the `twoside' option on input l
ine 80.


Package fancyhdr Warning: \fancyhead's `E' option without twoside option is use
less.
(fancyhdr)                Please consider using the `twoside' option on input l
ine 80.


Package fancyhdr Warning: \fancyfoot's `E' option without twoside option is use
less.
(fancyhdr)                Please consider using the `twoside' option on input l
ine 80.


Package fancyhdr Warning: \fancyfoot's `E' option without twoside option is use
less.
(fancyhdr)                Please consider using the `twoside' option on input l
ine 80.

LaTeX Font Info:    Font shape `T1/phv/m/n' will be
(Font)              scaled to size 15.89755pt on input line 80.
LaTeX Font Info:    Font shape `T1/phv/b/n' will be
(Font)              scaled to size 15.89755pt on input line 80.
LaTeX Font Info:    Font shape `T1/phv/m/n' will be
(Font)              scaled to size 27.47115pt on input line 80.
LaTeX Font Info:    Font shape `T1/phv/b/n' will be
(Font)              scaled to size 27.47115pt on input line 80.
LaTeX Font Info:    Font shape `T1/phv/m/n' will be
(Font)              scaled to size 13.24796pt on input line 80.
LaTeX Font Info:    Font shape `T1/phv/b/n' will be
(Font)              scaled to size 13.24796pt on input line 80.


[1


{C:/Users/bkm/AppData/Local/MiKTeX/fonts/map/pdftex/pdftex.map}{C:/Users/bkm/Ap
pData/Local/Programs/MiKTeX/fonts/enc/dvips/base/8r.enc}]
LaTeX Font Info:    Font shape `T1/phv/b/n' will be
(Font)              scaled to size 10.07397pt on input line 80.
LaTeX Font Info:    Trying to load font information for U+msa on input line 80.


(C:\Users\bkm\AppData\Local\Programs\MiKTeX\tex/latex/amsfonts\umsa.fd
File: umsa.fd 2013/01/14 v3.01 AMS symbols A
)
LaTeX Font Info:    Trying to load font information for U+msb on input line 80.


(C:\Users\bkm\AppData\Local\Programs\MiKTeX\tex/latex/amsfonts\umsb.fd
File: umsb.fd 2013/01/14 v3.01 AMS symbols B
)
Overfull \hbox (18.0pt too wide) in paragraph at lines 80--80
[][] 
 []


Overfull \hbox (18.0pt too wide) in paragraph at lines 80--80
[][] 
 []

LaTeX Font Info:    Trying to load font information for TS1+phv on input line 8
0.
(C:\Users\bkm\AppData\Local\Programs\MiKTeX\tex/latex/psnfss\ts1phv.fd
File: ts1phv.fd 2020/03/25 scalable font definitions for TS1/phv.
)
LaTeX Font Info:    Font shape `TS1/phv/m/n' will be
(Font)              scaled to size 10.07397pt on input line 80.


[2

]

Package fancyhdr Warning: \fancyhead's `E' option without twoside option is use
less.
(fancyhdr)                Please consider using the `twoside' option on input l
ine 80.


Package fancyhdr Warning: \fancyhead's `E' option without twoside option is use
less.
(fancyhdr)                Please consider using the `twoside' option on input l
ine 80.


Package fancyhdr Warning: \fancyhead's `E' option without twoside option is use
less.
(fancyhdr)                Please consider using the `twoside' option on input l
ine 80.


Package fancyhdr Warning: \fancyfoot's `E' option without twoside option is use
less.
(fancyhdr)                Please consider using the `twoside' option on input l
ine 80.


Package fancyhdr Warning: \fancyfoot's `E' option without twoside option is use
less.
(fancyhdr)                Please consider using the `twoside' option on input l
ine 80.

LaTeX Font Info:    Font shape `T1/phv/m/n' will be
(Font)              scaled to size 22.88956pt on input line 80.
LaTeX Font Info:    Font shape `T1/phv/b/n' will be
(Font)              scaled to size 22.88956pt on input line 80.
(scientific_background.toc

[3

]

[4]
Overfull \hbox (1.18849pt too wide) detected at line 121
 []\T1/phv/m/n/10.95 101
 []


Overfull \hbox (1.18849pt too wide) detected at line 122
 []\T1/phv/m/n/10.95 102
 []


Overfull \hbox (1.18849pt too wide) detected at line 123
 []\T1/phv/m/n/10.95 103
 []


Overfull \hbox (1.18849pt too wide) detected at line 124
 []\T1/phv/m/n/10.95 103
 []


Overfull \hbox (1.18849pt too wide) detected at line 125
 []\T1/phv/m/n/10.95 105
 []


Overfull \hbox (1.18849pt too wide) detected at line 126
 []\T1/phv/m/n/10.95 109
 []


Overfull \hbox (1.18849pt too wide) detected at line 127
 []\T1/phv/m/n/10.95 111
 []


Overfull \hbox (1.18849pt too wide) detected at line 128
 []\T1/phv/m/n/10.95 115
 []


Overfull \hbox (1.18849pt too wide) detected at line 130
 []\T1/phv/m/n/10.95 119
 []


Overfull \hbox (1.18849pt too wide) detected at line 131
 []\T1/phv/m/n/10.95 120
 []


Overfull \hbox (1.18849pt too wide) detected at line 132
 []\T1/phv/m/n/10.95 121
 []


Overfull \hbox (1.18849pt too wide) detected at line 133
 []\T1/phv/m/n/10.95 122
 []


Overfull \hbox (1.18849pt too wide) detected at line 135
 []\T1/phv/m/n/10.95 124
 []


Overfull \hbox (1.18849pt too wide) detected at line 136
 []\T1/phv/m/n/10.95 124
 []


Overfull \hbox (1.18849pt too wide) detected at line 137
 []\T1/phv/m/n/10.95 124
 []


Overfull \hbox (1.18849pt too wide) detected at line 138
 []\T1/phv/m/n/10.95 125
 []


Overfull \hbox (1.18849pt too wide) detected at line 139
 []\T1/phv/m/n/10.95 125
 []

)
\tf@toc=\write7
\openout7 = `scientific_background.toc'.



[5] (scientific_background.lot
Overfull \hbox (1.18849pt too wide) detected at line 17
 []\T1/phv/m/n/10.95 111
 []


Overfull \hbox (1.18849pt too wide) detected at line 18
 []\T1/phv/m/n/10.95 116
 []

)
\tf@lot=\write8
\openout8 = `scientific_background.lot'.




Package fancyhdr Warning: \fancyhead's `E' option without twoside option is use
less.
(fancyhdr)                Please consider using the `twoside' option on input l
ine 80.


Package fancyhdr Warning: \fancyhead's `E' option without twoside option is use
less.
(fancyhdr)                Please consider using the `twoside' option on input l
ine 80.


Package fancyhdr Warning: \fancyhead's `E' option without twoside option is use
less.
(fancyhdr)                Please consider using the `twoside' option on input l
ine 80.


Package fancyhdr Warning: \fancyfoot's `E' option without twoside option is use
less.
(fancyhdr)                Please consider using the `twoside' option on input l
ine 80.


Package fancyhdr Warning: \fancyfoot's `E' option without twoside option is use
less.
(fancyhdr)                Please consider using the `twoside' option on input l
ine 80.

[6

] (scientific_background.lof


Package fancyhdr Warning: \fancyhead's `E' option without twoside option is use
less.
(fancyhdr)                Please consider using the `twoside' option on input l
ine 47.


Package fancyhdr Warning: \fancyhead's `E' option without twoside option is use
less.
(fancyhdr)                Please consider using the `twoside' option on input l
ine 47.


Package fancyhdr Warning: \fancyhead's `E' option without twoside option is use
less.
(fancyhdr)                Please consider using the `twoside' option on input l
ine 47.


Package fancyhdr Warning: \fancyfoot's `E' option without twoside option is use
less.
(fancyhdr)                Please consider using the `twoside' option on input l
ine 47.


Package fancyhdr Warning: \fancyfoot's `E' option without twoside option is use
less.
(fancyhdr)                Please consider using the `twoside' option on input l
ine 47.

[7

]
Overfull \hbox (1.18849pt too wide) detected at line 60
 []\T1/phv/m/n/10.95 101
 []


Overfull \hbox (1.18849pt too wide) detected at line 61
 []\T1/phv/m/n/10.95 104
 []


Overfull \hbox (1.18849pt too wide) detected at line 62
 []\T1/phv/m/n/10.95 107
 []


Overfull \hbox (1.18849pt too wide) detected at line 63
 []\T1/phv/m/n/10.95 111
 []


Overfull \hbox (1.18849pt too wide) detected at line 64
 []\T1/phv/m/n/10.95 116
 []


Overfull \hbox (1.18849pt too wide) detected at line 65
 []\T1/phv/m/n/10.95 117
 []


Overfull \hbox (1.18849pt too wide) detected at line 66
 []\T1/phv/m/n/10.95 118
 []


Overfull \hbox (1.18849pt too wide) detected at line 67
 []\T1/phv/m/n/10.95 118
 []


Overfull \hbox (1.18849pt too wide) detected at line 70
 []\T1/phv/m/n/10.95 119
 []


Overfull \hbox (1.18849pt too wide) detected at line 71
 []\T1/phv/m/n/10.95 120
 []


Overfull \hbox (1.18849pt too wide) detected at line 72
 []\T1/phv/m/n/10.95 122
 []

)
\tf@lof=\write9
\openout9 = `scientific_background.lof'.



[8]

Package fancyhdr Warning: \fancyhead's `E' option without twoside option is use
less.
(fancyhdr)                Please consider using the `twoside' option on input l
ine 80.


Package fancyhdr Warning: \fancyhead's `E' option without twoside option is use
less.
(fancyhdr)                Please consider using the `twoside' option on input l
ine 80.


Package fancyhdr Warning: \fancyhead's `E' option without twoside option is use
less.
(fancyhdr)                Please consider using the `twoside' option on input l
ine 80.


Package fancyhdr Warning: \fancyfoot's `E' option without twoside option is use
less.
(fancyhdr)                Please consider using the `twoside' option on input l
ine 80.


Package fancyhdr Warning: \fancyfoot's `E' option without twoside option is use
less.
(fancyhdr)                Please consider using the `twoside' option on input l
ine 80.

\openout2 = `scientific_chapters/Introduction.aux'.

(scientific_chapters/Introduction.tex
Chapter 1.
)


Package fancyhdr Warning: \fancyfoot's `E' option without twoside option is use
less.
(fancyhdr)                Please consider using the `twoside' option on input l
ine 84.


Package fancyhdr Warning: \fancyfoot's `E' option without twoside option is use
less.
(fancyhdr)                Please consider using the `twoside' option on input l
ine 84.

[1



]
\openout2 = `scientific_chapters/Statistics.aux'.

 (scientific_chapters/Statistics.tex
Chapter 2.
<pictures/normalPDF.png, id=514, 478.78876pt x 375.4025pt>
File: pictures/normalPDF.png Graphic file (type png)
<use pictures/normalPDF.png>
Package pdftex.def Info: pictures/normalPDF.png  used on input line 41.
(pdftex.def)             Requested size: 226.91199pt x 177.91133pt.
<pictures/normalCDF.png, id=515, 478.78876pt x 379.4175pt>
File: pictures/normalCDF.png Graphic file (type png)
<use pictures/normalCDF.png>
Package pdftex.def Info: pictures/normalCDF.png  used on input line 42.
(pdftex.def)             Requested size: 226.91199pt x 179.81413pt.
<pictures/normalINV.png, id=516, 480.79625pt x 383.4325pt>
File: pictures/normalINV.png Graphic file (type png)
<use pictures/normalINV.png>
Package pdftex.def Info: pictures/normalINV.png  used on input line 43.
(pdftex.def)             Requested size: 226.91199pt x 180.96219pt.
LaTeX Font Info:    Font shape `T1/phv/m/n' will be
(Font)              scaled to size 9.19998pt on input line 44.
LaTeX Font Info:    Font shape `T1/phv/m/sl' will be
(Font)              scaled to size 9.19998pt on input line 44.
LaTeX Font Info:    Font shape `T1/phv/b/sl' will be
(Font)              scaled to size 9.19998pt on input line 44.



Package fancyhdr Warning: \fancyfoot's `E' option without twoside option is use
less.
(fancyhdr)                Please consider using the `twoside' option on input l
ine 46.


Package fancyhdr Warning: \fancyfoot's `E' option without twoside option is use
less.
(fancyhdr)                Please consider using the `twoside' option on input l
ine 46.

[2




]

[3 <./pictures/normalPDF.png (PNG copy)> <./pictures/normalCDF.png (PNG copy)> 
<./pictures/normalINV.png (PNG copy)>]
<pictures/from_u_to_x.png, id=542, 711.65875pt x 468.75125pt>
File: pictures/from_u_to_x.png Graphic file (type png)
<use pictures/from_u_to_x.png>
Package pdftex.def Info: pictures/from_u_to_x.png  used on input line 59.
(pdftex.def)             Requested size: 285.46202pt x 187.17531pt.


[4 <./pictures/from_u_to_x.png (PNG copy)>]
<pictures/uniformCDF.png, id=561, 516.93124pt x 408.52625pt>
File: pictures/uniformCDF.png Graphic file (type png)
<use pictures/uniformCDF.png>
Package pdftex.def Info: pictures/uniformCDF.png  used on input line 102.
(pdftex.def)             Requested size: 309.32503pt x 231.98967pt.


[5 <./pictures/uniformCDF.png (PNG copy)>]
Package marginnote Info: Margin note 14.1 is on absolute page 14 on input line 
128.
Package marginnote Info: right page because not two side mode on input line 128
.
Package marginnote Info: xpos seems to be 164.74144pt on input line 128.
<pictures/margin_note.pdf, id=579, 57.21375pt x 57.3894pt>
File: pictures/margin_note.pdf Graphic file (type pdf)
<use pictures/margin_note.pdf>
Package pdftex.def Info: pictures/margin_note.pdf  used on input line 128.
(pdftex.def)             Requested size: 19.13725pt x 19.19627pt.


[6 <C:/Users/bkm/AppData/Roaming/MiKTeX/tex/latex/deltares/pictures/margin_note
.pdf>]
LaTeX Font Info:    Font shape `T1/phv/m/n' will be
(Font)              scaled to size 7.35999pt on input line 174.
LaTeX Font Info:    Font shape `T1/phv/m/n' will be
(Font)              scaled to size 5.51999pt on input line 174.


[7]
<pictures/normal_pdf.png, id=601, 199.17612pt x 168.10002pt>
File: pictures/normal_pdf.png Graphic file (type png)
<use pictures/normal_pdf.png>
Package pdftex.def Info: pictures/normal_pdf.png  used on input line 222.
(pdftex.def)             Requested size: 199.46736pt x 168.39456pt.
<pictures/normal_mu_sigma.png, id=603, 296.307pt x 232.578pt>
File: pictures/normal_mu_sigma.png Graphic file (type png)
<use pictures/normal_mu_sigma.png>
Package pdftex.def Info: pictures/normal_mu_sigma.png  used on input line 227.
(pdftex.def)             Requested size: 296.32887pt x 232.72292pt.


[8 <./pictures/normal_pdf.png>]
LaTeX Font Info:    Font shape `T1/phv/m/it' in size <10.95> not available
(Font)              Font shape `T1/phv/m/sl' tried instead on input line 249.
LaTeX Font Info:    Font shape `T1/phv/m/sl' will be
(Font)              scaled to size 10.07397pt on input line 249.
<pictures/standardnormal.png, id=616, 533.8344pt x 205.2468pt>
File: pictures/standardnormal.png Graphic file (type png)
<use pictures/standardnormal.png>
Package pdftex.def Info: pictures/standardnormal.png  used on input line 263.
(pdftex.def)             Requested size: 412.56497pt x 158.62614pt.


[9 <./pictures/normal_mu_sigma.png>]

[10 <./pictures/standardnormal.png>]
<pictures/uniform_pdf.png, id=637, 219.98988pt x 168.24455pt>
File: pictures/uniform_pdf.png Graphic file (type png)
<use pictures/uniform_pdf.png>
Package pdftex.def Info: pictures/uniform_pdf.png  used on input line 323.
(pdftex.def)             Requested size: 219.704pt x 168.39816pt.
<pictures/uniform_cdf.png, id=639, 205.9695pt x 168.82272pt>
File: pictures/uniform_cdf.png Graphic file (type png)
<use pictures/uniform_cdf.png>
Package pdftex.def Info: pictures/uniform_cdf.png  used on input line 328.
(pdftex.def)             Requested size: 205.96898pt x 169.12111pt.


[11 <./pictures/uniform_pdf.png>]

[12 <./pictures/uniform_cdf.png>]

[13]

[14]

[15]

[16]

Package hyperref Warning: Token not allowed in a PDF string (Unicode):
(hyperref)                removing `math shift' on input line 565.


Package hyperref Warning: Token not allowed in a PDF string (Unicode):
(hyperref)                removing `math shift' on input line 565.



[17]

[18] [19]

[20]

[21]

[22]

[23] [24]

[25]

Package hyperref Warning: Token not allowed in a PDF string (Unicode):
(hyperref)                removing `math shift' on input line 1000.


Package hyperref Warning: Token not allowed in a PDF string (Unicode):
(hyperref)                removing `math shift' on input line 1000.


Package hyperref Warning: Token not allowed in a PDF string (Unicode):
(hyperref)                removing `math shift' on input line 1000.


Package hyperref Warning: Token not allowed in a PDF string (Unicode):
(hyperref)                removing `math shift' on input line 1000.


Overfull \hbox (5.39352pt too wide) in paragraph at lines 1017--1017
[]|$\OT1/cmr/m/n/12 ^^H[]$| 
 []


Overfull \hbox (6.14563pt too wide) in paragraph at lines 1018--1018
[]|$\OML/cmm/m/it/12 F[]$| 
 []

<pictures/x_vs_u.png, id=760, 2534.71968pt x 2680.76532pt>
File: pictures/x_vs_u.png Graphic file (type png)
<use pictures/x_vs_u.png>
Package pdftex.def Info: pictures/x_vs_u.png  used on input line 1031.
(pdftex.def)             Requested size: 247.54149pt x 261.79285pt.


[26]
Package marginnote Info: Margin note 35.1 is on absolute page 35 on input line 
1052.
Package marginnote Info: right page because not two side mode on input line 105
2.
Package marginnote Info: xpos seems to be 164.74144pt on input line 1052.
File: pictures/margin_note.pdf Graphic file (type pdf)
<use pictures/margin_note.pdf>
Package pdftex.def Info: pictures/margin_note.pdf  used on input line 1052.
(pdftex.def)             Requested size: 19.13725pt x 19.19627pt.


[27 <./pictures/x_vs_u.png>]
<pictures/schematic_correlations.png, id=786, 295.80112pt x 235.45566pt>
File: pictures/schematic_correlations.png Graphic file (type png)
<use pictures/schematic_correlations.png>
Package pdftex.def Info: pictures/schematic_correlations.png  used on input lin
e 1066.
(pdftex.def)             Requested size: 257.29523pt x 204.52501pt.
Package marginnote Info: Margin note 36.1 is on absolute page 36 on input line 
1070.
Package marginnote Info: right page because not two side mode on input line 107
0.
Package marginnote Info: xpos seems to be 164.74144pt on input line 1070.
File: pictures/margin_note.pdf Graphic file (type pdf)
<use pictures/margin_note.pdf>
Package pdftex.def Info: pictures/margin_note.pdf  used on input line 1070.
(pdftex.def)             Requested size: 19.13725pt x 19.19627pt.
)

[28 <./pictures/schematic_correlations.png>]
\openout2 = `scientific_chapters/Sensitivity.aux'.


(scientific_chapters/Sensitivity.tex
Chapter 3.



Package fancyhdr Warning: \fancyfoot's `E' option without twoside option is use
less.
(fancyhdr)                Please consider using the `twoside' option on input l
ine 50.


Package fancyhdr Warning: \fancyfoot's `E' option without twoside option is use
less.
(fancyhdr)                Please consider using the `twoside' option on input l
ine 50.

[29




])

[30]
\openout2 = `scientific_chapters/Output_uncertainty.aux'.

 (scientific_chapters/Output_uncertainty.tex
Chapter 4.
<pictures/DS-first.png, id=827, 722.7pt x 722.7pt>
File: pictures/DS-first.png Graphic file (type png)
<use pictures/DS-first.png>
Package pdftex.def Info: pictures/DS-first.png  used on input line 37.
(pdftex.def)             Requested size: 330.05322pt x 330.05305pt.



Package fancyhdr Warning: \fancyfoot's `E' option without twoside option is use
less.
(fancyhdr)                Please consider using the `twoside' option on input l
ine 40.


Package fancyhdr Warning: \fancyfoot's `E' option without twoside option is use
less.
(fancyhdr)                Please consider using the `twoside' option on input l
ine 40.

[31




]
Missing character: There is no  in font cmr12!
Missing character: There is no ù in font cmr12!
Missing character: There is no ë in font cmr12!
Missing character: There is no Å in font cmr12!


[32 <./pictures/DS-first.png>]
<pictures/DS-last.png, id=841, 722.7pt x 722.7pt>
File: pictures/DS-last.png Graphic file (type png)
<use pictures/DS-last.png>
Package pdftex.def Info: pictures/DS-last.png  used on input line 57.
(pdftex.def)             Requested size: 330.05322pt x 330.05305pt.


[33 <./pictures/DS-last.png>])

[34]
\openout2 = `scientific_chapters/Reliability.aux'.

 (scientific_chapters/Reliability.tex
Chapter 5.

Overfull \hbox (1.81487pt too wide) in paragraph at lines 28--28
[]|$\OML/cmm/m/it/12 R$| 
 []


Overfull \hbox (0.6975pt too wide) in paragraph at lines 29--29
[]|$\OML/cmm/m/it/12 S$| 
 []

Package marginnote Info: Margin note 43.1 is on absolute page 43 on input line 
32.
Package marginnote Info: right page because not two side mode on input line 32.

Package marginnote Info: xpos seems to be 164.74144pt on input line 32.
File: pictures/margin_note.pdf Graphic file (type pdf)
<use pictures/margin_note.pdf>
Package pdftex.def Info: pictures/margin_note.pdf  used on input line 32.
(pdftex.def)             Requested size: 19.13725pt x 19.19627pt.
<pictures/riverlevee_overflow.png, id=858, 410.2828pt x 295.1025pt>
File: pictures/riverlevee_overflow.png Graphic file (type png)
<use pictures/riverlevee_overflow.png>
Package pdftex.def Info: pictures/riverlevee_overflow.png  used on input line 3
8.
(pdftex.def)             Requested size: 364.96274pt x 198.02383pt.



Package fancyhdr Warning: \fancyfoot's `E' option without twoside option is use
less.
(fancyhdr)                Please consider using the `twoside' option on input l
ine 41.


Package fancyhdr Warning: \fancyfoot's `E' option without twoside option is use
less.
(fancyhdr)                Please consider using the `twoside' option on input l
ine 41.

[35




]

Package hyperref Warning: Token not allowed in a PDF string (Unicode):
(hyperref)                removing `math shift' on input line 56.


Package hyperref Warning: Token not allowed in a PDF string (Unicode):
(hyperref)                removing `\beta' on input line 56.


Package hyperref Warning: Token not allowed in a PDF string (Unicode):
(hyperref)                removing `math shift' on input line 56.



[36 <./pictures/riverlevee_overflow.png>]
<pictures/functions_SRZ.png, id=880, 422.32782pt x 316.93407pt>
File: pictures/functions_SRZ.png Graphic file (type png)
<use pictures/functions_SRZ.png>
Package pdftex.def Info: pictures/functions_SRZ.png  used on input line 82.
(pdftex.def)             Requested size: 382.31477pt x 284.76408pt.
<pictures/beta_vs_probability.png, id=882, 421.575pt x 316.18124pt>
File: pictures/beta_vs_probability.png Graphic file (type png)
<use pictures/beta_vs_probability.png>
Package pdftex.def Info: pictures/beta_vs_probability.png  used on input line 9
8.
(pdftex.def)             Requested size: 314.3793pt x 236.32481pt.


[37 <./pictures/functions_SRZ.png>]

[38 <./pictures/beta_vs_probability.png (PNG copy)>]

[39]
Missing character: There is no ‚ in font cmr8!
Missing character: There is no à in font cmr8!
Missing character: There is no í in font cmr8!
<pictures/numericalintegration.jpg, id=917, 640.794pt x 251.7405pt>
File: pictures/numericalintegration.jpg Graphic file (type jpg)
<use pictures/numericalintegration.jpg>
Package pdftex.def Info: pictures/numericalintegration.jpg  used on input line 
186.
(pdftex.def)             Requested size: 412.56497pt x 162.08134pt.


[40 <./pictures/numericalintegration.jpg>]
<pictures/numericalbisection.jpg, id=925, 643.203pt x 251.7405pt>
File: pictures/numericalbisection.jpg Graphic file (type jpg)
<use pictures/numericalbisection.jpg>
Package pdftex.def Info: pictures/numericalbisection.jpg  used on input line 20
6.
(pdftex.def)             Requested size: 412.56497pt x 161.47443pt.
<pictures/montecarlo.jpg, id=928, 643.203pt x 253.54726pt>
File: pictures/montecarlo.jpg Graphic file (type jpg)
<use pictures/montecarlo.jpg>
Package pdftex.def Info: pictures/montecarlo.jpg  used on input line 235.
(pdftex.def)             Requested size: 412.56497pt x 162.63335pt.


[41 <./pictures/numericalbisection.jpg>]
<pictures/montecarloconvergence.jpg, id=936, 642.60075pt x 240.29774pt>
File: pictures/montecarloconvergence.jpg Graphic file (type jpg)
<use pictures/montecarloconvergence.jpg>
Package pdftex.def Info: pictures/montecarloconvergence.jpg  used on input line
 275.
(pdftex.def)             Requested size: 412.56497pt x 154.27768pt.


[42 <./pictures/montecarlo.jpg>]

[43 <./pictures/montecarloconvergence.jpg>]

[44]

LaTeX Warning: Reference `eq:MonteCarloVariationCoefficient' on page 45 undefin
ed on input line 378.


Overfull \hbox (5.75302pt too wide) in paragraph at lines 399--399
[]|$\OML/cmm/m/it/12 W[]$| 
 []

<pictures/ImportanceSampling.jpg, id=969, 642.60075pt x 253.54726pt>
File: pictures/ImportanceSampling.jpg Graphic file (type jpg)
<use pictures/ImportanceSampling.jpg>
Package pdftex.def Info: pictures/ImportanceSampling.jpg  used on input line 40
8.
(pdftex.def)             Requested size: 412.56497pt x 162.78423pt.


[45]
Overfull \hbox (4.86482pt too wide) in paragraph at lines 421--421
[]|\T1/phv/b/n/10.95 Sensitivity| 
 []


Overfull \hbox (58.22075pt too wide) in paragraph at lines 460--461
 [][] 
 []



[46 <./pictures/ImportanceSampling.jpg>] [47]

[48]

LaTeX Warning: Reference `eq:MonteCarloVariationCoefficient' on page 49 undefin
ed on input line 541.



[49]

[50]
<pictures/DirectionalSampling.jpg, id=1031, 504.6855pt x 256.5585pt>
File: pictures/DirectionalSampling.jpg Graphic file (type jpg)
<use pictures/DirectionalSampling.jpg>
Package pdftex.def Info: pictures/DirectionalSampling.jpg  used on input line 6
54.
(pdftex.def)             Requested size: 412.56497pt x 209.7373pt.


[51]

[52 <./pictures/DirectionalSampling.jpg>]
Overfull \hbox (0.28545pt too wide) in paragraph at lines 688--689
[]\T1/phv/m/n/10.95 where $\OT1/cmr/m/n/12 ^^H$ \T1/phv/m/n/10.95 is the cu-mu-
la-tive den-sity func-tion in the stan-dard nor-mal space (see [][]Equa-tion (2
.17)[][][]). 
 []

<pictures/FORMDesignPoint.png, id=1050, 956.07187pt x 529.98pt>
File: pictures/FORMDesignPoint.png Graphic file (type png)
<use pictures/FORMDesignPoint.png>
Package pdftex.def Info: pictures/FORMDesignPoint.png  used on input line 694.
(pdftex.def)             Requested size: 412.56497pt x 228.69563pt.


[53 <./pictures/FORMDesignPoint.png>]

[54]

[55]
<pictures/form.jpg, id=1081, 682.34924pt x 268.00125pt>
File: pictures/form.jpg Graphic file (type jpg)
<use pictures/form.jpg>
Package pdftex.def Info: pictures/form.jpg  used on input line 811.
(pdftex.def)             Requested size: 412.56497pt x 162.03696pt.


[56 <./pictures/form.jpg>] [57]
<pictures/systemanalysis.png, id=1103, 3913.8722pt x 858.95906pt>
File: pictures/systemanalysis.png Graphic file (type png)
<use pictures/systemanalysis.png>
Package pdftex.def Info: pictures/systemanalysis.png  used on input line 899.
(pdftex.def)             Requested size: 430.70644pt x 94.66928pt.

Overfull \hbox (18.14146pt too wide) in paragraph at lines 899--900
 [][] 
 []



[58 <./pictures/systemanalysis.png>]
Overfull \hbox (24.0pt too wide) in alignment at lines 944--948
 [] [] 
 []


Overfull \hbox (3.48386pt too wide) in paragraph at lines 969--969
[]|$\OML/cmm/m/it/12 P []$| 
 []



[59]
Overfull \hbox (2.19058pt too wide) in paragraph at lines 982--984
[]\T1/phv/m/n/10.95 The last term ($\OML/cmm/m/it/12 P []$\T1/phv/m/n/10.95 ) i
s cal-cu-lated us-ing Im-por-tance Sam-pling (see [][]sec-tion 5.4.4[][][]).
 []



[60]

[61]
Package marginnote Info: Margin note 70.1 is on absolute page 70 on input line 
1077.
Package marginnote Info: right page because not two side mode on input line 107
7.
Package marginnote Info: xpos seems to be 164.74144pt on input line 1077.
File: pictures/margin_note.pdf Graphic file (type pdf)
<use pictures/margin_note.pdf>
Package pdftex.def Info: pictures/margin_note.pdf  used on input line 1077.
(pdftex.def)             Requested size: 19.13725pt x 19.19627pt.

Overfull \hbox (7.2644pt too wide) detected at line 1109
[]
 []



[62]

[63]

Package hyperref Warning: Token not allowed in a PDF string (Unicode):
(hyperref)                removing `math shift' on input line 1170.


Package hyperref Warning: Token not allowed in a PDF string (Unicode):
(hyperref)                removing `\alpha' on input line 1170.


Package hyperref Warning: Token not allowed in a PDF string (Unicode):
(hyperref)                removing `math shift' on input line 1170.



[64]

[65]
Overfull \hbox (40.11801pt too wide) detected at line 1251
[]
 []


Overfull \hbox (29.53479pt too wide) detected at line 1275
[]
 []



[66]

[67]
Overfull \hbox (34.82735pt too wide) detected at line 1333
[]
 []

Package marginnote Info: Margin note 76.1 is on absolute page 76 on input line 
1335.
Package marginnote Info: right page because not two side mode on input line 133
5.
Package marginnote Info: xpos seems to be 164.74144pt on input line 1335.
File: pictures/margin_note.pdf Graphic file (type pdf)
<use pictures/margin_note.pdf>
Package pdftex.def Info: pictures/margin_note.pdf  used on input line 1335.
(pdftex.def)             Requested size: 19.13725pt x 19.19627pt.
<pictures/variation_in_time_and_space.png, id=1279, 3781.37718pt x 994.46532pt>

File: pictures/variation_in_time_and_space.png Graphic file (type png)
<use pictures/variation_in_time_and_space.png>
Package pdftex.def Info: pictures/variation_in_time_and_space.png  used on inpu
t line 1353.
(pdftex.def)             Requested size: 428.53119pt x 114.1866pt.

Overfull \hbox (15.96622pt too wide) in paragraph at lines 1353--1354
 [][] 
 []



[68]

[69 <./pictures/variation_in_time_and_space.png>]
<pictures/exponentional_distribution.png, id=1306, 422.32782pt x 316.93407pt>
File: pictures/exponentional_distribution.png Graphic file (type png)
<use pictures/exponentional_distribution.png>
Package pdftex.def Info: pictures/exponentional_distribution.png  used on input
 line 1421.
(pdftex.def)             Requested size: 321.61044pt x 241.38985pt.


[70 <./pictures/exponentional_distribution.png>]
Package marginnote Info: Margin note 79.1 is on absolute page 79 on input line 
1459.
Package marginnote Info: right page because not two side mode on input line 145
9.
Package marginnote Info: xpos seems to be 164.74144pt on input line 1459.
File: pictures/margin_note.pdf Graphic file (type pdf)
<use pictures/margin_note.pdf>
Package pdftex.def Info: pictures/margin_note.pdf  used on input line 1459.
(pdftex.def)             Requested size: 19.13725pt x 19.19627pt.


[71]
Overfull \hbox (5.04285pt too wide) in paragraph at lines 1498--1502
\T1/phv/m/n/10.95 where $\OML/cmm/m/it/12 P[]$ \T1/phv/m/n/10.95 refers to the 
fail-ure prob-a-bil-ity of the lon-gi-tu-di-nal seg-ment and $\OML/cmm/m/it/12 
P[]$
 []



[72]
<pictures/autocorrelation_function.png, id=1342, 422.32782pt x 316.18124pt>
File: pictures/autocorrelation_function.png Graphic file (type png)
<use pictures/autocorrelation_function.png>
Package pdftex.def Info: pictures/autocorrelation_function.png  used on input l
ine 1510.
(pdftex.def)             Requested size: 295.58879pt x 221.15167pt.


[73 <./pictures/autocorrelation_function.png>]
Overfull \hbox (0.83104pt too wide) in paragraph at lines 1555--1559
\T1/phv/m/n/10.95 (see [][]sec-tion 5.4[][][]). The value of $\OT1/cmr/m/n/12 ^
^A\OML/cmm/m/it/12 L$ \T1/phv/m/n/10.95 is a re-sult of the out-cross-ing ap-pr
oach (see [][]sec-tion 5.7.2.2[][][])
 []



[74]
Package marginnote Info: Margin note 83.1 is on absolute page 83 on input line 
1590.
Package marginnote Info: right page because not two side mode on input line 159
0.
Package marginnote Info: xpos seems to be 164.74144pt on input line 1590.
File: pictures/margin_note.pdf Graphic file (type pdf)
<use pictures/margin_note.pdf>
Package pdftex.def Info: pictures/margin_note.pdf  used on input line 1590.
(pdftex.def)             Requested size: 19.13725pt x 19.19627pt.
Package marginnote Info: Margin note 83.2 is on absolute page 83 on input line 
1603.
Package marginnote Info: right page because not two side mode on input line 160
3.
Package marginnote Info: xpos seems to be 164.74144pt on input line 1603.
File: pictures/margin_note.pdf Graphic file (type pdf)
<use pictures/margin_note.pdf>
Package pdftex.def Info: pictures/margin_note.pdf  used on input line 1603.
(pdftex.def)             Requested size: 19.13725pt x 19.19627pt.


Package hyperref Warning: Token not allowed in a PDF string (Unicode):
(hyperref)                removing `math shift' on input line 1606.


Package hyperref Warning: Token not allowed in a PDF string (Unicode):
(hyperref)                removing `\alpha' on input line 1606.


Package hyperref Warning: Token not allowed in a PDF string (Unicode):
(hyperref)                removing `math shift' on input line 1606.

)

[75]

[76]
\openout2 = `scientific_chapters/SystemReliability.aux'.

 (scientific_chapters/SystemReliability.tex
Appendix A.

Package hyperref Warning: Token not allowed in a PDF string (Unicode):
(hyperref)                removing `math shift' on input line 3.


Package hyperref Warning: Token not allowed in a PDF string (Unicode):
(hyperref)                removing `math shift' on input line 3.

<pictures/example_Zfun.png, id=1406, 422.32782pt x 316.93407pt>
File: pictures/example_Zfun.png Graphic file (type png)
<use pictures/example_Zfun.png>
Package pdftex.def Info: pictures/example_Zfun.png  used on input line 23.
(pdftex.def)             Requested size: 391.7104pt x 293.43991pt.



Package fancyhdr Warning: \fancyfoot's `E' option without twoside option is use
less.
(fancyhdr)                Please consider using the `twoside' option on input l
ine 26.


Package fancyhdr Warning: \fancyfoot's `E' option without twoside option is use
less.
(fancyhdr)                Please consider using the `twoside' option on input l
ine 26.

[77




]
<pictures/lin_Zun.png, id=1415, 422.32782pt x 316.93407pt>
File: pictures/lin_Zun.png Graphic file (type png)
<use pictures/lin_Zun.png>
Package pdftex.def Info: pictures/lin_Zun.png  used on input line 28.
(pdftex.def)             Requested size: 379.42776pt x 284.76408pt.


[78 <./pictures/example_Zfun.png> <./pictures/lin_Zun.png>]

[79]
Package marginnote Info: Margin note 88.1 is on absolute page 88 on input line 
91.
Package marginnote Info: right page because not two side mode on input line 91.

Package marginnote Info: xpos seems to be 164.74144pt on input line 91.
File: pictures/margin_note.pdf Graphic file (type pdf)
<use pictures/margin_note.pdf>
Package pdftex.def Info: pictures/margin_note.pdf  used on input line 91.
(pdftex.def)             Requested size: 19.13725pt x 19.19627pt.


[80]
Overfull \hbox (1.19998pt too wide) in alignment at lines 102--108
 [] [] 
 []

<pictures/NI_grid.png, id=1458, 422.32782pt x 316.93407pt>
File: pictures/NI_grid.png Graphic file (type png)
<use pictures/NI_grid.png>
Package pdftex.def Info: pictures/NI_grid.png  used on input line 131.
(pdftex.def)             Requested size: 343.28873pt x 257.30034pt.


[81]
LaTeX Font Info:    Font shape `T1/phv/m/n' will be
(Font)              scaled to size 8.27998pt on input line 141.

Overfull \hbox (3.51445pt too wide) in paragraph at lines 147--147
[]|$[]$| 
 []


Overfull \hbox (8.91315pt too wide) in paragraph at lines 149--149
[]|$\OML/cmm/m/it/12 u[]$| 
 []


Overfull \hbox (12.0935pt too wide) in paragraph at lines 150--150
[]|$\OT1/cmr/m/n/12 ^^A\OML/cmm/m/it/12 u[]$| 
 []


Overfull \hbox (5.89218pt too wide) in paragraph at lines 151--151
[]|$\OML/cmm/m/it/12 m[]$| 
 []



[82 <./pictures/NI_grid.png>]
<pictures/CMC_sampling.png, id=1482, 422.32782pt x 316.93407pt>
File: pictures/CMC_sampling.png Graphic file (type png)
<use pictures/CMC_sampling.png>
Package pdftex.def Info: pictures/CMC_sampling.png  used on input line 163.
(pdftex.def)             Requested size: 294.14528pt x 220.43054pt.
<pictures/relation_k_Pk.png, id=1485, 422.32782pt x 316.93407pt>
File: pictures/relation_k_Pk.png Graphic file (type png)
<use pictures/relation_k_Pk.png>
Package pdftex.def Info: pictures/relation_k_Pk.png  used on input line 174.
(pdftex.def)             Requested size: 290.53009pt x 218.25917pt.


[83 <./pictures/CMC_sampling.png>]
Underfull \hbox (badness 10000) in paragraph at lines 203--203
[]|$\OT1/cmr/m/n/12 2 \OMS/cmsy/m/n/12 ^^A
 []



[84 <./pictures/relation_k_Pk.png>]
<pictures/IS_density.png, id=1510, 472.76625pt x 630.10406pt>
File: pictures/IS_density.png Graphic file (type png)
<use pictures/IS_density.png>
Package pdftex.def Info: pictures/IS_density.png  used on input line 215.
(pdftex.def)             Requested size: 166.2209pt x 221.86653pt.
<pictures/IS_variance.png, id=1512, 629.35126pt x 619.56468pt>
File: pictures/IS_variance.png Graphic file (type png)
<use pictures/IS_variance.png>
Package pdftex.def Info: pictures/IS_variance.png  used on input line 215.
(pdftex.def)             Requested size: 221.14052pt x 217.53156pt.


[85]

[86 <./pictures/IS_density.png> <./pictures/IS_variance.png>]

[87]
<pictures/directionalSampling_basicConcept.pdf, id=1554, 272.19171pt x 234.8873
3pt>
File: pictures/directionalSampling_basicConcept.pdf Graphic file (type pdf)
<use pictures/directionalSampling_basicConcept.pdf>
Package pdftex.def Info: pictures/directionalSampling_basicConcept.pdf  used on
 input line 279.
(pdftex.def)             Requested size: 272.19104pt x 234.88675pt.


[88 <./pictures/directionalSampling_basicConcept.pdf>]
<pictures/directionalSampling_currentMethodZ.pdf, id=1603, 272.39345pt x 299.26
285pt>
File: pictures/directionalSampling_currentMethodZ.pdf Graphic file (type pdf)
<use pictures/directionalSampling_currentMethodZ.pdf>
Package pdftex.def Info: pictures/directionalSampling_currentMethodZ.pdf  used 
on input line 297.
(pdftex.def)             Requested size: 272.39278pt x 299.2621pt.


[89 <./pictures/directionalSampling_currentMethodZ.pdf>]
<pictures/directionalSampling_newMethodOnly.pdf, id=1644, 274.63924pt x 299.262
85pt>
File: pictures/directionalSampling_newMethodOnly.pdf Graphic file (type pdf)
<use pictures/directionalSampling_newMethodOnly.pdf>
Package pdftex.def Info: pictures/directionalSampling_newMethodOnly.pdf  used o
n input line 315.
(pdftex.def)             Requested size: 274.63857pt x 299.2621pt.


[90 <./pictures/directionalSampling_newMethodOnly.pdf>]
<pictures/design_point_u_space.png, id=1679, 2119.92pt x 1504.8722pt>
File: pictures/design_point_u_space.png Graphic file (type png)
<use pictures/design_point_u_space.png>
Package pdftex.def Info: pictures/design_point_u_space.png  used on input line 
328.
(pdftex.def)             Requested size: 331.68954pt x 235.59496pt.


[91 <./pictures/design_point_u_space.png>]
<pictures/FORM_approx.png, id=1690, 1759.32281pt x 1260.20813pt>
File: pictures/FORM_approx.png Graphic file (type png)
<use pictures/FORM_approx.png>
Package pdftex.def Info: pictures/FORM_approx.png  used on input line 337.
(pdftex.def)             Requested size: 280.39676pt x 200.90671pt.


[92 <./pictures/FORM_approx.png>]
Overfull \hbox (30.83871pt too wide) detected at line 394
 $[] [] \OMS/cmsy/m/n/12 ^^Y [][] \OT1/cmr/m/n/12 ; \OML/cmm/m/it/12 i \OT1/cmr
/m/n/12 = 1\OML/cmm/m/it/12 :::n$  
 []



[93]
Package marginnote Info: Margin note 102.1 is on absolute page 102 on input lin
e 408.
Package marginnote Info: right page because not two side mode on input line 408
.
Package marginnote Info: xpos seems to be 164.74144pt on input line 408.
File: pictures/margin_note.pdf Graphic file (type pdf)
<use pictures/margin_note.pdf>
Package pdftex.def Info: pictures/margin_note.pdf  used on input line 408.
(pdftex.def)             Requested size: 19.13725pt x 19.19627pt.

Overfull \hbox (1.97273pt too wide) in paragraph at lines 429--430
[]\T1/phv/m/n/10.95 The nor-mal-iza-tion changes the con-tour lines of the lin-
earised $\OML/cmm/m/it/12 Z$\T1/phv/m/n/10.95 -function (com-pare [][]Fig-ure A
.14[][][]
 []



[94]
Overfull \hbox (2.40607pt too wide) in paragraph at lines 461--461
[]|$\OML/cmm/m/it/12 "[]$| 
 []

Package marginnote Info: Margin note 103.1 is on absolute page 103 on input lin
e 467.
Package marginnote Info: right page because not two side mode on input line 467
.
Package marginnote Info: xpos seems to be 164.74144pt on input line 467.
File: pictures/margin_note.pdf Graphic file (type pdf)
<use pictures/margin_note.pdf>
Package pdftex.def Info: pictures/margin_note.pdf  used on input line 467.
(pdftex.def)             Requested size: 19.13725pt x 19.19627pt.
Package marginnote Info: Margin note 103.2 is on absolute page 103 on input lin
e 469.
Package marginnote Info: right page because not two side mode on input line 469
.
Package marginnote Info: xpos seems to be 164.74144pt on input line 469.
File: pictures/margin_note.pdf Graphic file (type pdf)
<use pictures/margin_note.pdf>
Package pdftex.def Info: pictures/margin_note.pdf  used on input line 469.
(pdftex.def)             Requested size: 19.13725pt x 19.19627pt.

Overfull \hbox (2.30293pt too wide) in paragraph at lines 471--472
[]\T1/phv/m/n/10.95 For each vari-able de-ter-mine the mean value of the last t
en $\OML/cmm/m/it/12 u$\T1/phv/m/n/10.95 -values: $\OML/cmm/m/it/12 u[] \OT1/cm
r/m/n/12 = [] [][] \OML/cmm/m/it/12 u[]$
 []



[95]
<pictures/FORM_contour.png, id=1751, 422.32782pt x 316.93407pt>
File: pictures/FORM_contour.png Graphic file (type png)
<use pictures/FORM_contour.png>
Package pdftex.def Info: pictures/FORM_contour.png  used on input line 478.
(pdftex.def)             Requested size: 330.05322pt x 247.69118pt.
<pictures/FORM_sampling.png, id=1752, 422.32782pt x 316.93407pt>
File: pictures/FORM_sampling.png Graphic file (type png)
<use pictures/FORM_sampling.png>
Package pdftex.def Info: pictures/FORM_sampling.png  used on input line 483.
(pdftex.def)             Requested size: 330.05322pt x 247.69118pt.


[96 <./pictures/FORM_contour.png>]
<pictures/FORM_contour_lin.png, id=1758, 422.32782pt x 316.93407pt>
File: pictures/FORM_contour_lin.png Graphic file (type png)
<use pictures/FORM_contour_lin.png>
Package pdftex.def Info: pictures/FORM_contour_lin.png  used on input line 488.

(pdftex.def)             Requested size: 330.05322pt x 247.69118pt.
<pictures/FORM_contour_norm.png, id=1759, 422.32782pt x 316.93407pt>
File: pictures/FORM_contour_norm.png Graphic file (type png)
<use pictures/FORM_contour_norm.png>
Package pdftex.def Info: pictures/FORM_contour_norm.png  used on input line 493
.
(pdftex.def)             Requested size: 330.05322pt x 247.69118pt.


[97 <./pictures/FORM_sampling.png> <./pictures/FORM_contour_lin.png>]
<pictures/FORM_design_point.png, id=1766, 422.32782pt x 316.93407pt>
File: pictures/FORM_design_point.png Graphic file (type png)
<use pictures/FORM_design_point.png>
Package pdftex.def Info: pictures/FORM_design_point.png  used on input line 498
.
(pdftex.def)             Requested size: 330.05322pt x 247.69118pt.
<pictures/FORM_relaxation.png, id=1767, 422.32782pt x 316.93407pt>
File: pictures/FORM_relaxation.png Graphic file (type png)
<use pictures/FORM_relaxation.png>
Package pdftex.def Info: pictures/FORM_relaxation.png  used on input line 503.
(pdftex.def)             Requested size: 330.05322pt x 247.69118pt.


[98 <./pictures/FORM_contour_norm.png> <./pictures/FORM_design_point.png>]
<pictures/FORM_iteration.png, id=1774, 422.32782pt x 316.93407pt>
File: pictures/FORM_iteration.png Graphic file (type png)
<use pictures/FORM_iteration.png>
Package pdftex.def Info: pictures/FORM_iteration.png  used on input line 508.
(pdftex.def)             Requested size: 330.05322pt x 247.69118pt.


Package hyperref Warning: Token not allowed in a PDF string (Unicode):
(hyperref)                removing `math shift' on input line 512.


Package hyperref Warning: Token not allowed in a PDF string (Unicode):
(hyperref)                removing `\alpha' on input line 512.


Package hyperref Warning: Token not allowed in a PDF string (Unicode):
(hyperref)                removing `math shift' on input line 512.



[99 <./pictures/FORM_relaxation.png> <./pictures/FORM_iteration.png>]
<pictures/center_of_gravity.png, id=1784, 437.38406pt x 344.03531pt>
File: pictures/center_of_gravity.png Graphic file (type png)
<use pictures/center_of_gravity.png>
Package pdftex.def Info: pictures/center_of_gravity.png  used on input line 538
.
(pdftex.def)             Requested size: 236.32402pt x 189.346pt.


[100]

[101 <./pictures/center_of_gravity.png>]
Overfull \hbox (3.5642pt too wide) detected at line 580
[]
 []



[102]

Package hyperref Warning: Token not allowed in a PDF string (Unicode):
(hyperref)                removing `math shift' on input line 590.


Package hyperref Warning: Token not allowed in a PDF string (Unicode):
(hyperref)                removing `math shift' on input line 590.


Overfull \hbox (9.28148pt too wide) in paragraph at lines 608--609
[]\T1/phv/m/n/10.95 A par-al-lel sys-tem and the schema-ti-za-tion of the as-so
-ci-ated fail-ure prob-a-bil-ity $\OML/cmm/m/it/12 P\OT1/cmr/m/n/12 (\OML/cmm/m
/it/12 Z[] < \OT1/cmr/m/n/12 0  \OMS/cmsy/m/n/12 \  \OML/cmm/m/it/12 Z[] <
 []

<pictures/failure_parallel.png, id=1815, 295.1025pt x 248.42813pt>
File: pictures/failure_parallel.png Graphic file (type png)
<use pictures/failure_parallel.png>
Package pdftex.def Info: pictures/failure_parallel.png  used on input line 611.

(pdftex.def)             Requested size: 294.8676pt x 248.61325pt.


[103]
Overfull \hbox (18.02136pt too wide) detected at line 631
[]
 []



[104 <./pictures/failure_parallel.png>]
Package marginnote Info: Margin note 113.1 is on absolute page 113 on input lin
e 650.
Package marginnote Info: right page because not two side mode on input line 650
.
Package marginnote Info: xpos seems to be 164.74144pt on input line 650.
File: pictures/margin_note.pdf Graphic file (type pdf)
<use pictures/margin_note.pdf>
Package pdftex.def Info: pictures/margin_note.pdf  used on input line 650.
(pdftex.def)             Requested size: 19.13725pt x 19.19627pt.


[105]

[106]
<pictures/failure_U_space.png, id=1876, 351.56343pt x 264.23718pt>
File: pictures/failure_U_space.png Graphic file (type png)
<use pictures/failure_U_space.png>
Package pdftex.def Info: pictures/failure_U_space.png  used on input line 737.
(pdftex.def)             Requested size: 351.22997pt x 264.52278pt.


[107 <./pictures/failure_U_space.png>]

Package hyperref Warning: Token not allowed in a PDF string (Unicode):
(hyperref)                removing `math shift' on input line 778.


Package hyperref Warning: Token not allowed in a PDF string (Unicode):
(hyperref)                removing `\alpha' on input line 778.


Package hyperref Warning: Token not allowed in a PDF string (Unicode):
(hyperref)                removing `math shift' on input line 778.



[108]

[109]

[110]
Overfull \hbox (3.19989pt too wide) in alignment at lines 859--865
 [] [] [] [] [] [] [] 
 []

<pictures/equivalent_planes.png, id=1939, 422.32782pt x 316.93407pt>
File: pictures/equivalent_planes.png Graphic file (type png)
<use pictures/equivalent_planes.png>
Package pdftex.def Info: pictures/equivalent_planes.png  used on input line 868
.
(pdftex.def)             Requested size: 339.67998pt x 255.1193pt.


[111 <./pictures/equivalent_planes.png>]

[112]
Overfull \hbox (3.11795pt too wide) detected at line 944
 $\OML/cmm/m/it/12 Z[] \OT1/cmr/m/n/12 = \OML/cmm/m/it/12 ^^L[] \OT1/cmr/m/n/12
 + \OML/cmm/m/it/12 [] [] \OT1/cmr/m/n/12 + [] + \OML/cmm/m/it/12 [] []$  
 []



[113]

[114]
Package marginnote Info: Margin note 123.1 is on absolute page 123 on input lin
e 1005.
Package marginnote Info: right page because not two side mode on input line 100
5.
Package marginnote Info: xpos seems to be 164.74144pt on input line 1005.
File: pictures/margin_note.pdf Graphic file (type pdf)
<use pictures/margin_note.pdf>
Package pdftex.def Info: pictures/margin_note.pdf  used on input line 1005.
(pdftex.def)             Requested size: 19.13725pt x 19.19627pt.
Package marginnote Info: Margin note 123.2 is on absolute page 123 on input lin
e 1012.
Package marginnote Info: right page because not two side mode on input line 101
2.
Package marginnote Info: xpos seems to be 164.74144pt on input line 1012.
File: pictures/margin_note.pdf Graphic file (type pdf)
<use pictures/margin_note.pdf>
Package pdftex.def Info: pictures/margin_note.pdf  used on input line 1012.
(pdftex.def)             Requested size: 19.13725pt x 19.19627pt.


[115]
<pictures/three_Zfun.png, id=2022, 422.32782pt x 316.93407pt>
File: pictures/three_Zfun.png Graphic file (type png)
<use pictures/three_Zfun.png>
Package pdftex.def Info: pictures/three_Zfun.png  used on input line 1040.
(pdftex.def)             Requested size: 318.717pt x 239.21848pt.


[116 <./pictures/three_Zfun.png>]
Overfull \hbox (18.81815pt too wide) detected at line 1057
 $\OML/cmm/m/it/12 P\OT1/cmr/m/n/12 (\OML/cmm/m/it/12 Z[] < \OT1/cmr/m/n/12 0 \
OMS/cmsy/m/n/12 [ \OML/cmm/m/it/12 Z[] < \OT1/cmr/m/n/12 0) = 1 \OMS/cmsy/m/n/1
2 ^^@ \OML/cmm/m/it/12 P\OT1/cmr/m/n/12 (\OML/cmm/m/it/12 Z[] \OMS/cmsy/m/n/12 
^^U \OT1/cmr/m/n/12 0)\OML/cmm/m/it/12 P\OT1/cmr/m/n/12 (\OML/cmm/m/it/12 Z[] \
OMS/cmsy/m/n/12 ^^U \OT1/cmr/m/n/12 0) = 1 \OMS/cmsy/m/n/12 ^^@ \OT1/cmr/m/n/12
 ^^H [] ^^H [] = 1 \OMS/cmsy/m/n/12 ^^@ \OT1/cmr/m/n/12 ^^H [][] \OMS/cmsy/m/n/
12 ^^Y \OT1/cmr/m/n/12 0\OML/cmm/m/it/12 :\OT1/cmr/m/n/12 045$  
 []

<pictures/equivalent_Zfun_1.png, id=2035, 422.32782pt x 316.93407pt>
File: pictures/equivalent_Zfun_1.png Graphic file (type png)
<use pictures/equivalent_Zfun_1.png>
Package pdftex.def Info: pictures/equivalent_Zfun_1.png  used on input line 106
4.
(pdftex.def)             Requested size: 334.62128pt x 250.78139pt.
<pictures/equivalent_Zfun_2.png, id=2037, 422.32782pt x 316.93407pt>
File: pictures/equivalent_Zfun_2.png Graphic file (type png)
<use pictures/equivalent_Zfun_2.png>
Package pdftex.def Info: pictures/equivalent_Zfun_2.png  used on input line 106
9.
(pdftex.def)             Requested size: 299.92574pt x 224.76361pt.


[117 <./pictures/equivalent_Zfun_1.png>]
<pictures/combin_4_components.png, id=2048, 246.1697pt x 132.495pt>
File: pictures/combin_4_components.png Graphic file (type png)
<use pictures/combin_4_components.png>
Package pdftex.def Info: pictures/combin_4_components.png  used on input line 1
076.
(pdftex.def)             Requested size: 246.45079pt x 132.26418pt.
)

[118 <./pictures/equivalent_Zfun_2.png> <./pictures/combin_4_components.png>]
\openout2 = `scientific_chapters/CorrelationModels.aux'.


(scientific_chapters/CorrelationModels.tex
Appendix B.
<pictures/sampling_correlated_variables.png, id=2062, 866.23625pt x 414.54875pt
>
File: pictures/sampling_correlated_variables.png Graphic file (type png)
<use pictures/sampling_correlated_variables.png>
Package pdftex.def Info: pictures/sampling_correlated_variables.png  used on in
put line 9.
(pdftex.def)             Requested size: 412.56497pt x 197.43771pt.



Package fancyhdr Warning: \fancyfoot's `E' option without twoside option is use
less.
(fancyhdr)                Please consider using the `twoside' option on input l
ine 16.


Package fancyhdr Warning: \fancyfoot's `E' option without twoside option is use
less.
(fancyhdr)                Please consider using the `twoside' option on input l
ine 16.

[119




 <./pictures/sampling_correlated_variables.png (PNG copy)>]
<pictures/correlated_uniform.png, id=2072, 959.585pt x 323.2075pt>
File: pictures/correlated_uniform.png Graphic file (type png)
<use pictures/correlated_uniform.png>
Package pdftex.def Info: pictures/correlated_uniform.png  used on input line 30
.
(pdftex.def)             Requested size: 412.56497pt x 138.96172pt.


[120 <./pictures/correlated_uniform.png (PNG copy)>]
<pictures/fig_gaussian_model.png, id=2084, 421.575pt x 316.0608pt>
File: pictures/fig_gaussian_model.png Graphic file (type png)
<use pictures/fig_gaussian_model.png>
Package pdftex.def Info: pictures/fig_gaussian_model.png  used on input line 84
.
(pdftex.def)             Requested size: 300.64548pt x 236.33125pt.


[121]

[122 <./pictures/fig_gaussian_model.png (PNG copy)>])

[123]
\openout2 = `scientific_chapters/Conversions.aux'.

 (scientific_chapters/Conversions.tex
Appendix C.
LaTeX Font Info:    Trying to load font information for T1+pcr on input line 7.

(C:\Users\bkm\AppData\Local\Programs\MiKTeX\tex/latex/psnfss\t1pcr.fd
File: t1pcr.fd 2001/06/04 font definitions for T1/pcr.
)
Overfull \hbox (17.82036pt too wide) in paragraph at lines 7--8
[]\T1/pcr/m/n/10.95 integer, parameter :: sp = selected_real_kind(6, 37) !< Sin
gle
 []


Overfull \hbox (30.96034pt too wide) in paragraph at lines 8--9
[]\T1/pcr/m/n/10.95 integer, parameter :: dp = selected_real_kind(15, 307) !< D
ouble
 []


Overfull \hbox (57.24031pt too wide) in paragraph at lines 9--10
[]\T1/pcr/m/n/10.95 integer, parameter :: qd = selected_real_kind(33, 4931) !< 
Quadruple
 []

Package marginnote Info: Margin note 132.1 is on absolute page 132 on input lin
e 18.
Package marginnote Info: right page because not two side mode on input line 18.

Package marginnote Info: xpos seems to be 164.74144pt on input line 18.
File: pictures/margin_note.pdf Graphic file (type pdf)
<use pictures/margin_note.pdf>
Package pdftex.def Info: pictures/margin_note.pdf  used on input line 18.
(pdftex.def)             Requested size: 19.13725pt x 19.19627pt.

Underfull \hbox (badness 10000) in paragraph at lines 22--23

 []


Underfull \hbox (badness 10000) in paragraph at lines 23--24

 []




Package fancyhdr Warning: \fancyfoot's `E' option without twoside option is use
less.
(fancyhdr)                Please consider using the `twoside' option on input l
ine 35.


Package fancyhdr Warning: \fancyfoot's `E' option without twoside option is use
less.
(fancyhdr)                Please consider using the `twoside' option on input l
ine 35.

[124




]

[125]
Package marginnote Info: Margin note 134.1 is on absolute page 134 on input lin
e 87.
Package marginnote Info: right page because not two side mode on input line 87.

Package marginnote Info: xpos seems to be 164.74144pt on input line 87.
File: pictures/margin_note.pdf Graphic file (type pdf)
<use pictures/margin_note.pdf>
Package pdftex.def Info: pictures/margin_note.pdf  used on input line 87.
(pdftex.def)             Requested size: 19.13725pt x 19.19627pt.
)

[126] (scientific_background.bbl
Underfull \hbox (badness 10000) in paragraph at lines 63--68
[]\T1/phv/m/n/10.95 (https://stats.stackexchange.com/users/2392/probabilityislo
gic) prob-a-bil-i-ty-is-logic,
 []


Underfull \hbox (badness 6542) in paragraph at lines 63--68
\T1/phv/m/n/10.95 2013.  ``Es-ti-mat-ing pa-ram-e-ters of Stu-dent's t-distribu
tion.''  Cross Val-i-dated.
 []


Underfull \hbox (badness 1789) in paragraph at lines 87--94
\T1/phv/m/n/10.95 for Sub-set Sim-u-la-tion.''  \T1/phv/m/sl/10.95 Prob-a-bilis
-tic En-gi-neer-ing Me-chan-ics \T1/phv/m/n/10.95 41: 89-103.  [][]DOI:
 []


Underfull \hbox (badness 1270) in paragraph at lines 115--123
[]\T1/phv/m/n/10.95 Saltelli, A., P. An-noni, I. Azz-ini, F. Cam-po-longo, M. R
atto and S. Taran-tola, 2010.
 []


Underfull \hbox (badness 3907) in paragraph at lines 115--123
\T1/phv/m/n/10.95 ``Vari-ance based sen-si-tiv-ity anal-y-sis of model out-put.
 De-sign and es-ti-ma-tor for
 []


Underfull \hbox (badness 3250) in paragraph at lines 115--123
\T1/phv/m/n/10.95 the to-tal sen-si-tiv-ity in-dex.''  \T1/phv/m/sl/10.95 Com-p
uter Physics Com-mu-ni-ca-tions \T1/phv/m/n/10.95 181 (2): 259-
 []




Package fancyhdr Warning: \fancyfoot's `E' option without twoside option is use
less.
(fancyhdr)                Please consider using the `twoside' option on input l
ine 129.


Package fancyhdr Warning: \fancyfoot's `E' option without twoside option is use
less.
(fancyhdr)                Please consider using the `twoside' option on input l
ine 129.

[127



])
Package minitoc Info: I0009
(minitoc)             Listing minitoc auxiliary files. 
(minitoc)             Creating the scientific_background.maf file.
\openout4 = `scientific_background.maf'.

Package minitoc(hints) Info: I0053
(minitoc(hints))             You have loaded the float package; 
(minitoc(hints))             please be aware that the minitoc package 
(minitoc(hints))             facilities can not be used for new types 
(minitoc(hints))             of floats defined by the float package.


Package minitoc(hints) Warning: W0024
(minitoc(hints))                Some hints have been written 
(minitoc(hints))                in the scientific_background.log file.



[128] 
enddocument/afterlastpage (AED): lastpage setting LastPage.
(scientific_background.aux (scientific_chapters/Introduction.aux)
(scientific_chapters/Statistics.aux) (scientific_chapters/Sensitivity.aux)
(scientific_chapters/Output_uncertainty.aux)
(scientific_chapters/Reliability.aux)
(scientific_chapters/SystemReliability.aux)
(scientific_chapters/CorrelationModels.aux)
(scientific_chapters/Conversions.aux))
 ***********
LaTeX2e <2024-11-01> patch level 1
L3 programming layer <2024-11-02>
 ***********


LaTeX Warning: There were undefined references.


LaTeX Warning: There were multiply-defined labels.

 )
(\end occurred inside a group at level 2)

### simple group (level 2) entered at line 969 ({)
### simple group (level 1) entered at line 415 ({)
### bottom level 
Here is how much of TeX's memory you used:
 44203 strings out of 473650
 896512 string characters out of 5718898
 1429373 words of memory out of 5000000
 65688 multiletter control sequences out of 15000+600000
 614031 words of font info for 114 fonts, out of 8000000 for 9000
 1143 hyphenation exceptions out of 8191
 125i,25n,121p,1498b,1485s stack positions out of 10000i,1000n,20000p,200000b,200000s
<C:/Users/bkm/AppData/Local/Programs/MiKTeX/fonts/type1/public/
amsfonts/cm/cmbsy10.pfb><C:/Users/bkm/AppData/Local/Programs/MiKTeX/fonts/type1
/public/amsfonts/cm/cmbx12.pfb><C:/Users/bkm/AppData/Local/Programs/MiKTeX/font
s/type1/public/amsfonts/cm/cmbx8.pfb><C:/Users/bkm/AppData/Local/Programs/MiKTe
X/fonts/type1/public/amsfonts/cm/cmex10.pfb><C:/Users/bkm/AppData/Local/Program
s/MiKTeX/fonts/type1/public/amsfonts/cmextra/cmex8.pfb><C:/Users/bkm/AppData/Lo
cal/Programs/MiKTeX/fonts/type1/public/amsfonts/cmextra/cmex9.pfb><C:/Users/bkm
/AppData/Local/Programs/MiKTeX/fonts/type1/public/amsfonts/cm/cmmi10.pfb><C:/Us
ers/bkm/AppData/Local/Programs/MiKTeX/fonts/type1/public/amsfonts/cm/cmmi12.pfb
><C:/Users/bkm/AppData/Local/Programs/MiKTeX/fonts/type1/public/amsfonts/cm/cmm
i5.pfb><C:/Users/bkm/AppData/Local/Programs/MiKTeX/fonts/type1/public/amsfonts/
cm/cmmi6.pfb><C:/Users/bkm/AppData/Local/Programs/MiKTeX/fonts/type1/public/ams
fonts/cm/cmmi7.pfb><C:/Users/bkm/AppData/Local/Programs/MiKTeX/fonts/type1/publ
ic/amsfonts/cm/cmmi8.pfb><C:/Users/bkm/AppData/Local/Programs/MiKTeX/fonts/type
1/public/amsfonts/cm/cmmi9.pfb><C:/Users/bkm/AppData/Local/Programs/MiKTeX/font
s/type1/public/amsfonts/cm/cmmib10.pfb><C:/Users/bkm/AppData/Local/Programs/MiK
TeX/fonts/type1/public/amsfonts/cm/cmr10.pfb><C:/Users/bkm/AppData/Local/Progra
ms/MiKTeX/fonts/type1/public/amsfonts/cm/cmr12.pfb><C:/Users/bkm/AppData/Local/
Programs/MiKTeX/fonts/type1/public/amsfonts/cm/cmr5.pfb><C:/Users/bkm/AppData/L
ocal/Programs/MiKTeX/fonts/type1/public/amsfonts/cm/cmr6.pfb><C:/Users/bkm/AppD
ata/Local/Programs/MiKTeX/fonts/type1/public/amsfonts/cm/cmr7.pfb><C:/Users/bkm
/AppData/Local/Programs/MiKTeX/fonts/type1/public/amsfonts/cm/cmr8.pfb><C:/User
s/bkm/AppData/Local/Programs/MiKTeX/fonts/type1/public/amsfonts/cm/cmr9.pfb><C:
/Users/bkm/AppData/Local/Programs/MiKTeX/fonts/type1/public/amsfonts/cm/cmsy10.
pfb><C:/Users/bkm/AppData/Local/Programs/MiKTeX/fonts/type1/public/amsfonts/cm/
cmsy6.pfb><C:/Users/bkm/AppData/Local/Programs/MiKTeX/fonts/type1/public/amsfon
ts/cm/cmsy8.pfb><C:/Users/bkm/AppData/Local/Programs/MiKTeX/fonts/type1/public/
amsfonts/cm/cmsy9.pfb><C:/Users/bkm/AppData/Local/Programs/MiKTeX/fonts/type1/p
ublic/amsfonts/symbols/msam10.pfb><C:/Users/bkm/AppData/Local/Programs/MiKTeX/f
onts/type1/public/amsfonts/symbols/msbm10.pfb><C:/Users/bkm/AppData/Local/Progr
ams/MiKTeX/fonts/type1/urw/courier/ucrr8a.pfb><C:/Users/bkm/AppData/Local/Progr
ams/MiKTeX/fonts/type1/urw/helvetic/uhvb8a.pfb><C:/Users/bkm/AppData/Local/Prog
rams/MiKTeX/fonts/type1/urw/helvetic/uhvbo8a.pfb><C:/Users/bkm/AppData/Local/Pr
ograms/MiKTeX/fonts/type1/urw/helvetic/uhvr8a.pfb><C:/Users/bkm/AppData/Local/P
rograms/MiKTeX/fonts/type1/urw/helvetic/uhvro8a.pfb>
Output written on scientific_background.pdf (136 pages, 7340689 bytes).
PDF statistics:
 2868 PDF objects out of 2984 (max. 8388607)
 741 named destinations out of 1000 (max. 500000)
 1617 words of extra memory for PDF output out of 10000 (max. 10000000)

